Year,Month,State,City,AVG_Dry_Spell,AVG_Frost_Days,AVG_Max_High_Temp,AVG_Min_Low_Temp,AVG_Precip_Percentile
2006,January,MD,Adelphi,0.6666666666666666,23.33333333333333,58.38046212332587,6.651906389508907,0.008978376814786
2006,February,MD,Adelphi,0.5238095238095238,16.0,64.21097708565844,12.375184326171851,0.0115652729773368
2006,March,MD,Adelphi,0.6190476190476191,12.80952380952381,71.77972534179685,18.88191040039061,0.0103927519944974
2006,April,MD,Adelphi,0.4285714285714285,2.619047619047619,81.00382550920757,29.565724748883916,0.0199896163823229
2006,May,MD,Adelphi,0.3809523809523809,0.0952380952380952,88.39131766183034,39.327333635602656,0.0448662592346268
2006,June,MD,Adelphi,0.0952380952380952,0.0,93.54691894531248,50.62014892578122,0.040357745540576
2006,July,MD,Adelphi,0.3333333333333333,0.0,98.30033952985488,56.24015537806916,0.0386385887360806
2006,August,MD,Adelphi,0.2857142857142857,0.0,96.65558419363836,55.673865094866045,0.0314444807095902
2006,September,MD,Adelphi,0.5714285714285714,0.0,91.0207828194754,45.05716674804686,0.0281563384998746
2006,October,MD,Adelphi,0.4761904761904761,0.4285714285714285,81.17541102818078,33.96777378627229,0.0220441255539403
2006,November,MD,Adelphi,0.6666666666666666,7.761904761904762,73.00409406389507,22.69283220563614,0.009965854713274
2006,December,MD,Adelphi,0.3333333333333333,18.666666666666668,64.20650669642855,17.4433841378348,0.0180831451711603
2007,January,MD,Adelphi,0.8571428571428571,21.19047619047619,60.879407087053536,10.24295907156806,0.0129133664615235
2007,February,MD,Adelphi,0.8095238095238095,16.095238095238095,65.28217023577007,11.228376464843729,0.0063048010192971
2007,March,MD,Adelphi,0.3333333333333333,10.19047619047619,71.92234357561381,20.971504778180783,0.0110793877009904
2007,April,MD,Adelphi,0.3333333333333333,1.4761904761904765,81.5952195521763,29.744584786551314,0.0154974384485172
2007,May,MD,Adelphi,0.238095238095238,0.1428571428571428,89.76775024414061,40.83370832170756,0.0357742268326359
2007,June,MD,Adelphi,0.4761904761904761,0.0,94.20562779017855,49.8584458705357,0.0417643057586692
2007,July,MD,Adelphi,0.1904761904761904,0.0,97.61886544363836,57.0804211425781,0.0489192044258188
2007,August,MD,Adelphi,0.2857142857142857,0.0,94.14270228794642,55.12266531808033,0.0388309402401462
2007,September,MD,Adelphi,0.7142857142857143,0.0,90.655053187779,45.738986118861575,0.0156245514758067
2007,October,MD,Adelphi,0.6190476190476191,0.9047619047619048,80.99750313895086,33.962283238002215,0.0168576304213939
2007,November,MD,Adelphi,0.8095238095238095,6.190476190476191,73.22002772739954,25.55249755859373,0.0171638236246676
2007,December,MD,Adelphi,0.5238095238095238,21.904761904761905,63.386693812779,12.264124319893952,0.0168537734137043
2008,January,MD,Adelphi,0.7619047619047619,23.476190476190474,60.14413661411827,6.719048549107121,0.0115740530995408
2008,February,MD,Adelphi,0.8571428571428571,16.714285714285715,65.10749285016739,14.11740277971538,0.008600198835595
2008,March,MD,Adelphi,0.4285714285714285,9.476190476190476,71.24486118861604,22.46894914899552,0.0195658489527169
2008,April,MD,Adelphi,0.2857142857142857,2.095238095238096,81.73851266043525,30.170563964843733,0.0252951705519821
2008,May,MD,Adelphi,0.1904761904761904,0.0,87.80376883370533,41.15204764229909,0.0459506626171046
2008,June,MD,Adelphi,0.0952380952380952,0.0,92.7967515345982,50.04418544224328,0.0441858725587452
2008,July,MD,Adelphi,0.3809523809523809,0.0,98.10012677873884,55.94819893973212,0.0418810921369426
2008,August,MD,Adelphi,0.238095238095238,0.0,95.66958740234374,55.17835292271202,0.044262406944755
2008,September,MD,Adelphi,0.6190476190476191,0.0,90.19142490931915,45.60779628208702,0.0232808011282322
2008,October,MD,Adelphi,0.5714285714285714,0.6666666666666666,82.0864967564174,33.26832397460936,0.0211098781113739
2008,November,MD,Adelphi,0.3333333333333333,5.9523809523809526,73.47765712193079,24.909242815290156,0.018634967300065
2008,December,MD,Adelphi,0.3809523809523809,17.285714285714285,63.7549529157366,15.61371189662386,0.0214373349030629
2009,January,MD,Adelphi,0.5714285714285714,21.571428571428573,60.03282418387275,8.23808367047989,0.0140442490520472
2009,February,MD,Adelphi,0.5238095238095238,17.0,64.30396589006693,11.785482700892835,0.0119027651957156
2009,March,MD,Adelphi,0.4285714285714285,12.333333333333334,69.74888427734375,20.09540527343748,0.0104853676263585
2009,April,MD,Adelphi,0.3333333333333333,2.952380952380953,80.13599452427452,28.554325997488814,0.0208245900641677
2009,May,MD,Adelphi,0.2857142857142857,0.0476190476190476,87.39239362444194,39.992453787667394,0.0417680894955116
2009,June,MD,Adelphi,0.238095238095238,0.0,95.06374895368302,49.78544172014507,0.0352982872146247
2009,July,MD,Adelphi,0.2857142857142857,0.0,99.5562756347656,56.144399065290166,0.0335443086080306
2009,August,MD,Adelphi,0.4285714285714285,0.0,95.61038678850444,55.47288591657364,0.0401740598472387
2009,September,MD,Adelphi,0.8095238095238095,0.0,89.08687255859373,44.92680611746648,0.0130538949007665
2009,October,MD,Adelphi,0.8571428571428571,0.7142857142857143,83.50028808593748,33.52773733956471,0.0173652507288471
2009,November,MD,Adelphi,0.238095238095238,6.476190476190476,74.16283255440847,24.77557582310266,0.0182907352994286
2009,December,MD,Adelphi,0.4285714285714285,19.38095238095238,64.786893484933,14.509788643973192,0.0146655324387189
2010,January,MD,Adelphi,0.7142857142857143,21.476190476190474,60.588353097098185,9.236995936802437,0.0090578348419136
2010,February,MD,Adelphi,0.5238095238095238,18.52380952380953,63.8056626674107,9.748788800920735,0.0089177149594046
2010,March,MD,Adelphi,0.7142857142857143,12.476190476190476,71.0189953613281,18.950763288225424,0.0124310498841332
2010,April,MD,Adelphi,0.4761904761904761,1.4285714285714286,82.53656476702007,29.77375610351561,0.0334311492368254
2010,May,MD,Adelphi,0.4285714285714285,0.0,88.21782523018973,41.92198521205354,0.0579712086544939
2010,June,MD,Adelphi,0.3809523809523809,0.0,94.16500191824774,51.44403982979908,0.0340889625903461
2010,July,MD,Adelphi,0.3809523809523809,0.0,98.10082519531248,57.25981741768971,0.0411681400044439
2010,August,MD,Adelphi,0.5238095238095238,0.0,98.2099089704241,56.37456525530131,0.028920239912246
2010,September,MD,Adelphi,0.4285714285714285,0.0,92.32235403878344,46.9524914550781,0.0261010840038071
2010,October,MD,Adelphi,0.8571428571428571,0.3333333333333333,82.68052751813615,33.812131522042385,0.0169039950630317
2010,November,MD,Adelphi,0.3809523809523809,5.714285714285714,74.56523821149551,25.26297903878346,0.0236414987103069
2010,December,MD,Adelphi,0.4761904761904761,18.047619047619047,65.41450055803568,16.76339843749998,0.0182521402305465
2011,January,MD,Adelphi,0.7142857142857143,23.476190476190474,59.54179286411828,8.274703456333683,0.0084310211716811
2011,February,MD,Adelphi,0.9047619047619048,16.714285714285715,63.89322108677453,14.40694876534596,0.0111959682033984
2011,March,MD,Adelphi,0.4285714285714285,9.61904761904762,71.89449584960936,21.993330078124977,0.0149850011324318
2011,April,MD,Adelphi,0.3333333333333333,1.5714285714285714,82.19090872628347,29.82149954659596,0.0221333137863168
2011,May,MD,Adelphi,0.4285714285714285,0.0,90.13881086077006,41.46089425223212,0.032708532960178
2011,June,MD,Adelphi,0.3333333333333333,0.0,95.78570242745532,50.34130283900667,0.0359191843816283
2011,July,MD,Adelphi,0.238095238095238,0.0,99.59492658342631,55.69983991350444,0.0337586088575134
2011,August,MD,Adelphi,0.3809523809523809,0.0,97.21961966378346,55.67231392996649,0.0342073373066115
2011,September,MD,Adelphi,0.5238095238095238,0.0,91.57088396344864,45.25431379045757,0.0254849614733187
2011,October,MD,Adelphi,0.7619047619047619,0.3809523809523809,83.54388288225444,34.160460902622745,0.0188566316377038
2011,November,MD,Adelphi,0.5238095238095238,6.285714285714286,72.59387241908482,23.043552420479887,0.0132907910536744
2011,December,MD,Adelphi,0.3809523809523809,19.80952380952381,62.57569353376115,15.209311697823637,0.0140974698038573
2012,January,MD,Adelphi,0.8095238095238095,21.61904761904762,60.699330705915166,9.9250487409319,0.0083536563725697
2012,February,MD,Adelphi,0.5714285714285714,17.857142857142858,64.46577096121649,12.993536725725424,0.0123854125352412
2012,March,MD,Adelphi,0.3333333333333333,10.142857142857142,72.77417637416293,20.58411376953123,0.0146752417847031
2012,April,MD,Adelphi,0.3333333333333333,2.1904761904761907,80.80426409040174,28.834746791294616,0.0227160627569616
2012,May,MD,Adelphi,0.3333333333333333,0.0476190476190476,88.80880597795756,39.78865740094863,0.0431992007451748
2012,June,MD,Adelphi,0.238095238095238,0.0,95.77007829938611,50.281895577566935,0.0321309338875172
2012,July,MD,Adelphi,0.238095238095238,0.0,99.04689453124998,58.05121233258927,0.0420467939219602
2012,August,MD,Adelphi,0.4285714285714285,0.0,95.58050136021204,57.072576381138376,0.0544198812198577
2012,September,MD,Adelphi,0.4761904761904761,0.0,90.80445155552454,46.0470715332031,0.0249038961045932
2012,October,MD,Adelphi,0.5238095238095238,0.2857142857142857,82.47030412946427,35.036131417410694,0.0177300378512906
2012,November,MD,Adelphi,0.238095238095238,5.095238095238095,73.4540286690848,26.169884730747743,0.0184117042585348
2012,December,MD,Adelphi,0.4285714285714285,17.476190476190474,64.74068289620534,17.786256975446406,0.0202586436216478
2013,January,MD,Adelphi,0.7142857142857143,20.80952380952381,61.45925763811382,9.694080810546856,0.0099671651921625
2013,February,MD,Adelphi,0.8095238095238095,15.428571428571429,64.97213867187496,12.939591238839265,0.0083944350996105
2013,March,MD,Adelphi,0.7142857142857143,10.047619047619047,70.50008754185266,19.90873971121649,0.0126953125307243
2013,April,MD,Adelphi,0.4761904761904761,2.0476190476190474,81.17464198521202,29.65762538364953,0.0160813281425651
2013,May,MD,Adelphi,0.3333333333333333,0.0476190476190476,90.05218366350444,39.54080322265623,0.0394774054106752
2013,June,MD,Adelphi,0.238095238095238,0.0,94.54616995675222,49.84689714704238,0.0226012227269226
2013,July,MD,Adelphi,0.3333333333333333,0.0,98.86702741350445,56.51162231445311,0.0436312150231683
2013,August,MD,Adelphi,0.2857142857142857,0.0,97.13927559988838,55.65905447823659,0.0350982080416337
2013,September,MD,Adelphi,0.6190476190476191,0.0,91.4900690569196,46.21412126813615,0.0290000090441083
2013,October,MD,Adelphi,0.5714285714285714,0.6666666666666666,82.57174979073659,34.79612723214283,0.0227733697853756
2013,November,MD,Adelphi,0.5238095238095238,6.904761904761905,73.06122558593749,24.511459263392837,0.0190332210387855
2013,December,MD,Adelphi,0.6666666666666666,17.095238095238095,65.17824480329239,15.118661411830333,0.024207701556481
2014,January,MD,Adelphi,0.9047619047619048,22.33333333333333,60.432148437499976,7.307117919921854,0.0081356384085007
2014,February,MD,Adelphi,0.8095238095238095,15.714285714285714,64.46917933872764,14.383560965401765,0.007231012367293
2014,March,MD,Adelphi,0.4285714285714285,10.095238095238097,70.69629289899551,20.698646240234357,0.0130561368457448
2014,April,MD,Adelphi,0.2857142857142857,1.4285714285714286,82.33366036551337,29.89915719168525,0.0194235294738963
2014,May,MD,Adelphi,0.238095238095238,0.0,88.70908673967632,41.14207362583703,0.0496113961427307
2014,June,MD,Adelphi,0.1428571428571428,0.0,95.27814191545755,49.79836896623882,0.0216070145854171
2014,July,MD,Adelphi,0.238095238095238,0.0,100.19316877092632,56.71497924804686,0.0342518785686827
2014,August,MD,Adelphi,0.2857142857142857,0.0,98.24410522460936,56.55592337472096,0.0391999888302589
2014,September,MD,Adelphi,0.6190476190476191,0.0,92.48947440011158,46.75011021205356,0.0276092862168604
2014,October,MD,Adelphi,0.6666666666666666,0.3333333333333333,82.75805698939732,35.12883248465399,0.0157642863036819
2014,November,MD,Adelphi,0.5714285714285714,7.142857142857143,73.60839704241069,23.14213378906248,0.012881173287035
2014,December,MD,Adelphi,0.5714285714285714,17.666666666666668,65.09345650809149,17.538120291573634,0.0165250343004728
2015,January,MD,Adelphi,0.8571428571428571,22.33333333333333,61.61966587611606,8.295799822126096,0.0062243374668418
2015,February,MD,Adelphi,0.7619047619047619,16.666666666666668,63.931113455636144,14.117895856584802,0.0087127938663608
2015,March,MD,Adelphi,0.5714285714285714,12.476190476190476,72.56304268973213,19.369572579520067,0.0157192184324292
2015,April,MD,Adelphi,0.5714285714285714,2.238095238095238,80.05978341238838,30.25442103794641,0.025152480329258
2015,May,MD,Adelphi,0.238095238095238,0.0,88.71460867745532,41.54282087053569,0.0422211866075214
2015,June,MD,Adelphi,0.1904761904761904,0.0,94.69377389090398,50.20565830775668,0.0376951667405814
2015,July,MD,Adelphi,0.4761904761904761,0.0,98.9481431361607,57.037469831194166,0.0465156124537581
2015,August,MD,Adelphi,0.5714285714285714,0.0,95.12863106863836,55.65996215820311,0.0447736337611174
2015,September,MD,Adelphi,0.4761904761904761,0.0,90.5326236397879,45.25566615513391,0.0193004315850467
2015,October,MD,Adelphi,0.7619047619047619,0.8095238095238095,83.27395403180802,33.49498238699775,0.0123047911748728
2015,November,MD,Adelphi,0.6666666666666666,8.095238095238095,70.90482125418525,24.696008649553548,0.0104774463125579
2015,December,MD,Adelphi,0.4285714285714285,18.428571428571427,63.54251918247767,14.51198329380578,0.0227715846129787
2016,January,MD,Adelphi,0.8571428571428571,21.047619047619047,61.26771362304686,8.697178780691942,0.0078801155536121
2016,February,MD,Adelphi,1.0,18.38095238095238,62.69735665457587,12.265343279157346,0.0065568452500208
2016,March,MD,Adelphi,0.4761904761904761,9.857142857142858,69.87336722237721,21.055117274693057,0.0180663276336874
2016,April,MD,Adelphi,0.4761904761904761,2.1904761904761907,81.49105346679684,30.135818394252208,0.0178141156690964
2016,May,MD,Adelphi,0.238095238095238,0.0,89.29436767578122,41.31557652064729,0.0475936565768042
2016,June,MD,Adelphi,0.1428571428571428,0.0,94.09311994280132,50.81492082868301,0.0405983429896894
2016,July,MD,Adelphi,0.3809523809523809,0.0,99.00037527901785,57.38905064174104,0.0580749607749277
2016,August,MD,Adelphi,0.4761904761904761,0.0,95.97967651367183,54.731892089843726,0.0431644828523982
2016,September,MD,Adelphi,0.2857142857142857,0.0,91.9380941336495,46.94376255580355,0.0205978998464344
2016,October,MD,Adelphi,0.6190476190476191,0.7142857142857143,82.16987252371649,32.715167585100424,0.023122593999233
2016,November,MD,Adelphi,0.4761904761904761,5.047619047619048,72.86141305106025,25.24657802036829,0.0204543538088897
2016,December,MD,Adelphi,0.6666666666666666,19.428571428571427,63.57792393275666,15.066478969028998,0.0252342348683605
2017,January,MD,Adelphi,0.4285714285714285,21.142857142857142,60.923229457310256,10.586144496372746,0.0048270843439735
2017,February,MD,Adelphi,0.8095238095238095,18.23809523809524,62.4623826381138,11.802232927594847,0.0111332166660328
2017,March,MD,Adelphi,0.4285714285714285,11.904761904761903,70.26808244977677,20.405502232142837,0.0124848596314324
2017,April,MD,Adelphi,0.3333333333333333,1.9523809523809523,80.76760114397322,28.95842668805801,0.0274508864371065
2017,May,MD,Adelphi,0.3809523809523809,0.0952380952380952,88.70135184151785,40.47921090262274,0.0396282062472941
2017,June,MD,Adelphi,0.3333333333333333,0.0,95.42650181361606,50.41495832170757,0.0307610319183778
2017,July,MD,Adelphi,0.2857142857142857,0.0,98.61047049386158,57.60549438476559,0.048960446058488
2017,August,MD,Adelphi,0.4761904761904761,0.0,96.42537091936384,56.34311296735489,0.0459141378421251
2017,September,MD,Adelphi,0.5238095238095238,0.0,92.20687465122764,48.14562761579239,0.0314281197421342
2017,October,MD,Adelphi,0.7142857142857143,0.4761904761904761,82.50968749999998,34.33790318080356,0.0139405632203112
2017,November,MD,Adelphi,0.5714285714285714,5.761904761904762,73.198217250279,23.570401785714267,0.0158768015930418
2017,December,MD,Adelphi,0.4761904761904761,18.476190476190474,65.11891601562498,16.03532924107141,0.0180225915796649
2018,January,MD,Adelphi,0.5714285714285714,21.33333333333333,62.5242435128348,7.403546491350424,0.0095503684604292
2018,February,MD,Adelphi,0.7619047619047619,17.095238095238095,63.36070329938615,12.366697387695291,0.0093682274152897
2018,March,MD,Adelphi,0.5238095238095238,10.38095238095238,73.05894461495534,22.11313337053569,0.0111805368035645
2018,April,MD,Adelphi,0.3809523809523809,1.8571428571428568,80.71536115373881,29.20776925223212,0.0242234157005637
2018,May,MD,Adelphi,0.3333333333333333,0.1428571428571428,89.34255841936383,41.1587623814174,0.0363964364972686
2018,June,MD,Adelphi,0.3809523809523809,0.0,94.70512119838168,49.87702061244417,0.0197355556797503
2018,July,MD,Adelphi,0.238095238095238,0.0,99.98617588588168,56.91993181501115,0.0549974923807927
2018,August,MD,Adelphi,0.4285714285714285,0.0,99.17845319475444,56.58553152901783,0.025139896232164
2018,September,MD,Adelphi,0.6666666666666666,0.0,92.52753156389504,45.71682774135043,0.0207355576836895
2018,October,MD,Adelphi,0.7619047619047619,0.7619047619047619,83.83075422014508,32.64952165876114,0.0094864079842966
2018,November,MD,Adelphi,0.3809523809523809,6.142857142857143,73.59144670758927,24.354414934430785,0.0208165359893973
2018,December,MD,Adelphi,0.4285714285714285,18.33333333333333,64.19818062918525,18.44208583286828,0.0180538887739904
2019,January,MD,Adelphi,1.0952380952380951,20.857142857142858,60.9952631487165,10.283511701311362,0.0075940055049154
2019,February,MD,Adelphi,0.5238095238095238,14.857142857142858,64.81172781808034,16.425555768694174,0.0152274477997545
2019,March,MD,Adelphi,0.5714285714285714,11.904761904761903,71.9709763881138,20.116224365234352,0.0121720019898707
2019,April,MD,Adelphi,0.4285714285714285,2.1904761904761907,82.80903093610488,29.27997035435266,0.0248299517138972
2019,May,MD,Adelphi,0.3333333333333333,0.0952380952380952,90.6720741489955,41.26317958286828,0.0449762462918929
2019,June,MD,Adelphi,0.3809523809523809,0.0,98.19788417271204,50.98310058593748,0.0328963596867325
2019,July,MD,Adelphi,0.4285714285714285,0.0,100.66313773018972,56.88426025390622,0.0370321453636758
2019,August,MD,Adelphi,0.238095238095238,0.0,98.5910220772879,57.69738978794641,0.0369466951780218
2019,September,MD,Adelphi,0.6190476190476191,0.0,92.6954131208147,46.723287876674085,0.0206983522075543
2019,October,MD,Adelphi,1.0952380952380951,0.8095238095238095,83.7696309988839,31.85488577706471,0.0126494479060502
2019,November,MD,Adelphi,0.6190476190476191,5.285714285714286,73.99748046874998,26.028679024832563,0.0132310030157568
2019,December,MD,Adelphi,0.3809523809523809,17.571428571428573,66.08429513113838,16.6971194893973,0.0173695060611675
2020,January,MD,Adelphi,0.6190476190476191,20.761904761904763,61.93466221400666,8.504192156110472,0.00680614440581
2020,February,MD,Adelphi,0.9523809523809524,16.333333333333332,64.17357648577008,14.935915614536809,0.0097608304535492
2020,March,MD,Adelphi,0.4761904761904761,11.428571428571429,69.99075090680802,21.016012486049085,0.0144206423675547
2020,April,MD,Adelphi,0.2857142857142857,1.380952380952381,82.30472446986604,31.267697928292392,0.0233374192959342
2020,May,MD,Adelphi,0.3333333333333333,0.0,90.03882742745536,41.38172206333703,0.0419527272886204
2020,June,MD,Adelphi,0.3333333333333333,0.0,95.46385271344865,51.5033712332589,0.0365910897943761
2020,July,MD,Adelphi,0.238095238095238,0.0,99.11038504464284,56.68431692940846,0.0434810416396805
2020,August,MD,Adelphi,0.4761904761904761,0.0,96.93696236746648,57.98964965820311,0.0456638717878377
2020,September,MD,Adelphi,0.6666666666666666,0.0,93.03050920758928,47.78911342075891,0.0197336389027859
2020,October,MD,Adelphi,0.8571428571428571,0.5238095238095238,85.25606026785715,34.31812779017855,0.015106108253272
2020,November,MD,Adelphi,0.4285714285714285,6.142857142857143,74.56566458565845,24.612023402622743,0.0153630417359776
2020,December,MD,Adelphi,0.6666666666666666,16.857142857142858,64.7100624302455,18.10330671037945,0.0215080698845975
2021,January,MD,Adelphi,0.5238095238095238,21.761904761904763,61.74890694754461,8.584434204101541,0.0169072235610316
2021,February,MD,Adelphi,0.8571428571428571,19.09523809523809,62.79909528459819,10.8036868722098,0.0077428168277567
2021,March,MD,Adelphi,0.5238095238095238,12.0,72.17658028738838,19.85177036830355,0.0107986198028087
2021,April,MD,Adelphi,0.3333333333333333,2.142857142857143,80.85520403180801,29.71613542829239,0.0202313171111715
2021,May,MD,Adelphi,0.3333333333333333,0.0952380952380952,88.21570120675221,40.63185285295757,0.0541934962624094
2021,June,MD,Adelphi,0.2857142857142857,0.0,94.84180419921874,50.73951799665175,0.0356725304801494
2021,July,MD,Adelphi,0.238095238095238,0.0,99.70381417410714,57.031102992466494,0.0436693902785931
2021,August,MD,Adelphi,0.238095238095238,0.0,96.07188319614951,57.806376778738816,0.0404513537448506
2021,September,MD,Adelphi,0.7142857142857143,0.0,93.62242379324772,47.59629028320309,0.0184320383762945
2021,October,MD,Adelphi,0.6666666666666666,0.238095238095238,81.99313389369418,32.88999668666292,0.015933952276094
2021,November,MD,Adelphi,0.5714285714285714,5.714285714285714,73.64978410993301,25.71533586774552,0.0221604555995772
2021,December,MD,Adelphi,0.5238095238095238,18.857142857142858,62.87430977957588,16.13085013253346,0.0161096098937153
2022,January,MD,Adelphi,0.8095238095238095,21.80952380952381,59.41210449218749,9.79259547642297,0.0117659324444577
2022,February,MD,Adelphi,0.7619047619047619,18.52380952380953,63.13038016183033,13.41390110560824,0.01394224101533
2022,March,MD,Adelphi,0.6666666666666666,10.238095238095235,72.26268694196426,20.957499825613816,0.0166592518894887
2022,April,MD,Adelphi,0.4761904761904761,1.9523809523809523,81.05109026227677,30.23633806501113,0.0295023696793766
2022,May,MD,Adelphi,0.3809523809523809,0.0476190476190476,89.95881818498881,41.1695080566406,0.0368589358039908
2022,June,MD,Adelphi,0.238095238095238,0.0,96.60863071986606,50.96445783342632,0.0563284892061147
2022,July,MD,Adelphi,0.1428571428571428,0.0,96.60889491489952,57.96823678152898,0.0523554427418193
2022,August,MD,Adelphi,0.5238095238095238,0.0,96.3013875906808,57.68330374581471,0.0383597590924681
2022,September,MD,Adelphi,0.6190476190476191,0.0,92.2094747488839,46.29056256975445,0.0168395257011153
2022,October,MD,Adelphi,0.7142857142857143,0.6190476190476191,82.52425484793524,33.240437011718726,0.0100490813755333
2022,November,MD,Adelphi,0.3809523809523809,5.809523809523809,72.44250435965401,25.883502546037924,0.0167710985933018
2022,December,MD,Adelphi,0.4761904761904761,16.952380952380953,66.39295078822543,17.66520333426337,0.0202949842768932
2006,January,CA,Albany,1.0,0.4761904761904761,65.50368861607141,36.69908743722095,0.0242877268198014
2006,February,CA,Albany,0.3809523809523809,0.6190476190476191,68.57574061802451,37.137334681919626,0.054995899228438
2006,March,CA,Albany,0.7619047619047619,0.0,72.17949951171872,42.08885968889507,0.0163531211336661
2006,April,CA,Albany,1.1904761904761905,0.0,74.96814610072542,43.0774173409598,0.0084915224727301
2006,May,CA,Albany,1.7142857142857142,0.0,77.66617117745534,45.99251656668525,0.0006901339377049
2006,June,CA,Albany,1.8571428571428568,0.0,81.2951646205357,49.640866873604885,0.0
2006,July,CA,Albany,1.0,0.0,81.55249843052452,51.97801461356025,0.0
2006,August,CA,Albany,1.0,0.0,81.82277518136159,52.95547869001114,0.0
2006,September,CA,Albany,1.8571428571428568,0.0,83.27748011997767,51.67759085518971,0.0
2006,October,CA,Albany,1.380952380952381,0.0476190476190476,81.35850603376115,46.51747994559149,0.0022007380671204
2006,November,CA,Albany,1.0,0.0476190476190476,73.83750906808034,39.90709263392855,0.0143344297510624
2006,December,CA,Albany,0.8095238095238095,0.0952380952380952,67.62562726702008,37.5478989955357,0.0153813493886043
2007,January,CA,Albany,0.7142857142857143,0.3809523809523809,66.12690900530131,36.58572945731025,0.0190009314746112
2007,February,CA,Albany,0.4285714285714285,0.1428571428571428,70.59147548130579,38.34442609514507,0.0403819656264364
2007,March,CA,Albany,0.9523809523809524,0.0,72.53664149693077,40.846988699776766,0.0218983732981774
2007,April,CA,Albany,0.9047619047619048,0.0,74.04451503208705,42.91326067243301,0.0084739826608774
2007,May,CA,Albany,1.6666666666666667,0.0,77.04283830915179,45.47285016741069,0.0001427112931855
2007,June,CA,Albany,1.619047619047619,0.0,80.6906968470982,49.7064212472098,0.0
2007,July,CA,Albany,1.0,0.0,81.6524661690848,51.71502284458703,0.0
2007,August,CA,Albany,1.0,0.0,82.51880353655133,52.95398507254462,0.0
2007,September,CA,Albany,1.7142857142857142,0.0,83.28111345563616,52.397585100446406,0.0
2007,October,CA,Albany,1.3333333333333333,0.0,81.70683279854907,47.76429478236606,0.0028706233664598
2007,November,CA,Albany,0.9523809523809524,0.0,74.80981218610488,40.40491455078123,0.0136036376586292
2007,December,CA,Albany,1.0476190476190477,0.0952380952380952,66.19109531947542,35.66593575613837,0.0188413082868187
2008,January,CA,Albany,0.9523809523809524,0.1904761904761904,67.30077985491069,36.30510201590399,0.0380944917535387
2008,February,CA,Albany,0.5238095238095238,0.0,68.19618390764506,39.07677472795756,0.056917216789352
2008,March,CA,Albany,0.6666666666666666,0.0,71.1407500348772,39.09721452985489,0.0278301904172233
2008,April,CA,Albany,1.0,0.0,75.49391775948659,41.43659092494417,0.0075791569685307
2008,May,CA,Albany,2.0,0.0,78.59688842773434,46.06951764787944,1.909617110559605e-05
2008,June,CA,Albany,1.6666666666666667,0.0,80.47008353097095,49.3460461425781,0.0
2008,July,CA,Albany,1.0,0.0,81.52382934570312,51.60697753906248,0.0
2008,August,CA,Albany,1.0,0.0,81.54108572823658,52.36979230608255,0.0
2008,September,CA,Albany,1.619047619047619,0.0,84.08448608398436,52.47121442522319,0.0
2008,October,CA,Albany,1.1428571428571428,0.0,81.54943010602678,47.061706019810245,0.006157179918424
2008,November,CA,Albany,0.9047619047619048,0.3333333333333333,73.6483663504464,39.83977260044641,0.0174091729728486
2008,December,CA,Albany,1.238095238095238,0.2857142857142857,64.82836687360488,36.36934326171873,0.0258513962709464
2009,January,CA,Albany,0.6666666666666666,0.6190476190476191,64.73494123186383,36.59469377790176,0.0369214414325063
2009,February,CA,Albany,0.6666666666666666,0.1904761904761904,68.8157709612165,38.38379638671873,0.0407629075124541
2009,March,CA,Albany,0.9523809523809524,0.0,72.07161638532364,40.62932861328123,0.0169526817466928
2009,April,CA,Albany,0.9523809523809524,0.0,74.1711376953125,43.89304495675222,0.0087280559207303
2009,May,CA,Albany,1.4285714285714286,0.0,77.21357892717631,45.83651070731024,0.0002032320930937
2009,June,CA,Albany,1.761904761904762,0.0,80.23028076171873,49.26290841238837,0.0
2009,July,CA,Albany,1.0,0.0,80.12109235491069,51.24102033342632,0.0
2009,August,CA,Albany,1.0,0.0,81.17381277901782,53.25996738978792,0.0
2009,September,CA,Albany,1.761904761904762,0.0,83.43841936383926,52.63569545200891,0.0
2009,October,CA,Albany,1.2857142857142858,0.0,81.73028599330354,46.82191109793524,0.0009554552163711
2009,November,CA,Albany,1.1428571428571428,0.0,74.42074707031249,40.92401070731025,0.015783921366895
2009,December,CA,Albany,0.7619047619047619,0.238095238095238,65.835766078404,36.802241210937474,0.047804811724776
2010,January,CA,Albany,0.9047619047619048,0.5714285714285714,65.35850167410712,36.20369820731025,0.0501908651707228
2010,February,CA,Albany,0.7142857142857143,0.3809523809523809,68.02803815569196,37.31508039202007,0.0330459170165286
2010,March,CA,Albany,0.8571428571428571,0.1428571428571428,71.9129921177455,39.67411708286828,0.0201854152957475
2010,April,CA,Albany,1.1428571428571428,0.0,75.87297223772319,42.5669192940848,0.005312256624781
2010,May,CA,Albany,1.7142857142857142,0.0,77.73509207589282,45.95079467773436,0.0001518237120095
2010,June,CA,Albany,1.5714285714285714,0.0,79.75124285016739,49.6131839425223,0.0
2010,July,CA,Albany,1.0,0.0,81.63848475864951,52.43318341936382,0.0
2010,August,CA,Albany,1.0,0.0,80.73496651785713,51.83213187081471,0.0
2010,September,CA,Albany,1.619047619047619,0.0,82.94114153180801,52.04230294363837,0.0
2010,October,CA,Albany,1.2857142857142858,0.0,82.00372262137275,47.00552403041292,0.0042254994980531
2010,November,CA,Albany,0.7619047619047619,0.0476190476190476,73.01891775948658,40.33434308733257,0.0154715637631577
2010,December,CA,Albany,0.9047619047619048,0.4761904761904761,65.76848266601559,34.782896554129444,0.0322567313122417
2011,January,CA,Albany,0.8571428571428571,0.0476190476190476,65.68533185686381,36.270869140624974,0.0230295869385702
2011,February,CA,Albany,0.7142857142857143,0.1428571428571428,68.63834699358257,38.92812186104909,0.0293656019962496
2011,March,CA,Albany,0.7619047619047619,0.1428571428571428,71.46773193359374,39.69107264927453,0.0191284433010047
2011,April,CA,Albany,1.0476190476190477,0.0476190476190476,75.22418509347096,42.68763811383926,0.0037109199180627
2011,May,CA,Albany,1.5238095238095235,0.0,77.82499686104909,45.48137241908479,0.0002475179676428
2011,June,CA,Albany,1.9047619047619049,0.0,80.11237391880579,49.555801304408455,0.0
2011,July,CA,Albany,1.0,0.0,80.79273629324773,51.83444684709819,0.0
2011,August,CA,Albany,1.0,0.0,80.861502859933,52.831419503348194,0.0
2011,September,CA,Albany,1.8571428571428568,0.0,84.63762416294642,53.11080444335936,0.0
2011,October,CA,Albany,1.1428571428571428,0.0,81.32685494559149,46.80302507672988,0.0015468055232081
2011,November,CA,Albany,0.8571428571428571,0.0952380952380952,75.12574236188615,40.63962960379462,0.0087948237172592
2011,December,CA,Albany,0.7142857142857143,0.0,66.26495221819197,38.57496372767854,0.0307283776682483
2012,January,CA,Albany,0.7142857142857143,0.1428571428571428,65.7376032366071,37.90717285156248,0.0404466107240983
2012,February,CA,Albany,0.6666666666666666,0.238095238095238,69.95104579380579,39.06287179129462,0.0286484291328634
2012,March,CA,Albany,0.7142857142857143,0.0476190476190476,72.3959197126116,38.9959205845424,0.0339211196235904
2012,April,CA,Albany,1.0952380952380951,0.0476190476190476,75.9070298549107,42.25279401506694,0.0075055660754034
2012,May,CA,Albany,1.7142857142857142,0.0,78.01836408342632,45.78213361467631,0.0001404184834819
2012,June,CA,Albany,1.9523809523809523,0.0,80.07047938755579,49.56988473074775,0.0
2012,July,CA,Albany,1.0,0.0,81.70273908342631,51.82689505440848,0.0
2012,August,CA,Albany,1.0,0.0,81.76557826450892,52.32009225027899,0.0
2012,September,CA,Albany,1.6666666666666667,0.0,83.75270943777898,51.587994733537926,0.0
2012,October,CA,Albany,1.4761904761904765,0.0,80.71254394531249,47.66646937779016,0.0034447755712766
2012,November,CA,Albany,1.0,0.0,75.51319614955355,41.18810110909597,0.0169664816076003
2012,December,CA,Albany,1.0476190476190477,0.1428571428571428,66.18745936802455,36.56991176060266,0.0207186930956912
2013,January,CA,Albany,0.8571428571428571,0.3809523809523809,65.49873692103792,34.59119820731025,0.0290673589086463
2013,February,CA,Albany,0.5238095238095238,0.0952380952380952,69.41871895926337,38.94666521344863,0.0166713243336624
2013,March,CA,Albany,1.0,0.0,71.81385620117186,40.48512782505578,0.020878849000823
2013,April,CA,Albany,0.9523809523809524,0.0,74.04327253069194,42.292436349051314,0.0087599038002225
2013,May,CA,Albany,1.4285714285714286,0.0,77.95443934849327,45.81414306640623,0.0003645861639496
2013,June,CA,Albany,1.6666666666666667,0.0,80.87082815987719,50.03720127650668,0.0
2013,July,CA,Albany,1.0,0.0,81.60707432338165,51.28354265485489,0.0
2013,August,CA,Albany,1.0,0.0,81.17171491350445,52.394694649832566,0.0
2013,September,CA,Albany,1.6666666666666667,0.0,83.70784859793524,52.30250104631695,0.0
2013,October,CA,Albany,1.2857142857142858,0.0,81.37098597935267,47.64250087193078,0.0025273011672814
2013,November,CA,Albany,0.9047619047619048,0.0,74.85493983677452,40.548113490513366,0.0154326083411604
2013,December,CA,Albany,0.8095238095238095,0.0952380952380952,65.21965018136159,36.631288713727656,0.0304649280084465
2014,January,CA,Albany,0.8571428571428571,0.0,66.12235491071426,37.74963152204239,0.0492694062323782
2014,February,CA,Albany,0.5714285714285714,0.0,69.5757109723772,39.698287004743285,0.0324959039200618
2014,March,CA,Albany,0.7619047619047619,0.0,71.70785382952008,39.98817696707587,0.0207063649505093
2014,April,CA,Albany,1.0,0.0,74.13425502232141,43.19996459960936,0.0134239418965208
2014,May,CA,Albany,1.8571428571428568,0.0,77.8431112234933,45.315813685825866,0.0001446811981896
2014,June,CA,Albany,1.5714285714285714,0.0,81.47755336216517,50.744626639229885,0.0
2014,July,CA,Albany,1.0,0.0,81.82805123465398,52.3403332519531,0.0
2014,August,CA,Albany,1.0,0.0,82.07198695591515,52.52315883091517,0.0
2014,September,CA,Albany,1.4285714285714286,0.0,82.93883178710935,51.48788574218747,0.0
2014,October,CA,Albany,1.1428571428571428,0.0,81.65782331194194,48.00020786830354,0.0012797734303384
2014,November,CA,Albany,0.9523809523809524,0.0,74.20262137276784,41.06362862723212,0.0173797868692914
2014,December,CA,Albany,0.9523809523809524,0.238095238095238,67.15204589843746,35.66826904296873,0.0377214643588646
2015,January,CA,Albany,0.9047619047619048,0.0476190476190476,65.37663434709819,36.19314348493301,0.0464082580414422
2015,February,CA,Albany,0.8095238095238095,0.0,70.09766357421873,39.22250313895086,0.029001424904653
2015,March,CA,Albany,1.0,0.0476190476190476,72.97076363699773,39.812029506138366,0.0158112963553443
2015,April,CA,Albany,0.9523809523809524,0.0,74.61980887276782,42.790770961216495,0.0057078769550496
2015,May,CA,Albany,1.7142857142857142,0.0,78.14519862583704,45.40373570033479,7.227634237337353e-05
2015,June,CA,Albany,1.7142857142857142,0.0,81.08937761579239,50.08355834960936,0.0
2015,July,CA,Albany,1.0,0.0,82.6518558175223,51.80431030273436,0.0
2015,August,CA,Albany,1.0,0.0,82.10308349609373,52.65224557059149,0.0
2015,September,CA,Albany,1.7142857142857142,0.0,82.26315168108256,52.3291245814732,0.0
2015,October,CA,Albany,1.6666666666666667,0.0,81.65286900111603,47.33064610072543,0.0001983080925028
2015,November,CA,Albany,1.0,0.0,75.06251604352676,40.622710658482106,0.0048386220785388
2015,December,CA,Albany,1.0952380952380951,0.0,67.51573521205354,37.8193868582589,0.0179823287852975
2016,January,CA,Albany,0.6190476190476191,0.0476190476190476,65.64562151227676,38.11085152762275,0.0808539100227567
2016,February,CA,Albany,0.6666666666666666,0.0,69.89655883789061,39.71195975167409,0.0432418850833805
2016,March,CA,Albany,0.7142857142857143,0.0,71.34123744419641,41.17056483677453,0.0246586494624313
2016,April,CA,Albany,0.9523809523809524,0.0,74.3928679547991,43.58921543666292,0.0134954123012963
2016,May,CA,Albany,1.761904761904762,0.0,78.61044346400668,46.2915539550781,0.0003866274560796
2016,June,CA,Albany,1.6666666666666667,0.0,80.42983171735489,49.82575108119417,0.0
2016,July,CA,Albany,1.0,0.0,80.99786934988836,52.369687674386135,0.0
2016,August,CA,Albany,1.0,0.0,82.01599068777902,53.37419119698658,0.0
2016,September,CA,Albany,1.8571428571428568,0.0,82.5841067940848,52.55309657505578,0.0
2016,October,CA,Albany,1.0952380952380951,0.0,81.41791329520088,46.94984165736604,0.0027318546153151
2016,November,CA,Albany,0.9523809523809524,0.0,73.87830496651782,40.55886178152899,0.0153038834245762
2016,December,CA,Albany,0.6666666666666666,0.3333333333333333,66.85342965262274,37.53679757254462,0.0273828663716838
2017,January,CA,Albany,0.8095238095238095,0.0952380952380952,65.37804425920756,37.10384730747764,0.0576607314280953
2017,February,CA,Albany,0.6666666666666666,0.0,70.06791678292409,40.0880113002232,0.0378313924293984
2017,March,CA,Albany,0.7619047619047619,0.0,71.6912592424665,41.8355986676897,0.0384126200345484
2017,April,CA,Albany,1.238095238095238,0.0,76.14655273437498,43.929357386997744,0.0066053338303708
2017,May,CA,Albany,1.6666666666666667,0.0,79.00505667550222,46.22435424804684,5.686831141876418e-05
2017,June,CA,Albany,1.4285714285714286,0.0,82.01570556640623,50.20064121791292,0.0
2017,July,CA,Albany,1.0,0.0,82.22701189313614,52.06351702008927,0.0
2017,August,CA,Albany,1.0,0.0,81.68018572126114,52.90622070312497,0.0
2017,September,CA,Albany,1.809523809523809,0.0,83.3222415597098,52.86344203404016,0.0
2017,October,CA,Albany,1.0952380952380951,0.0,81.83252947126114,49.30777709960935,0.0036626221360369
2017,November,CA,Albany,0.9523809523809524,0.0,75.3046364048549,41.440734340122745,0.0104838825393535
2017,December,CA,Albany,0.4761904761904761,0.3333333333333333,67.19993321010043,38.54435634068077,0.0393380031248569
2018,January,CA,Albany,0.6666666666666666,0.0952380952380952,65.56905203683034,37.48022583007811,0.06019014525521
2018,February,CA,Albany,0.8571428571428571,0.0476190476190476,70.51222481863836,39.221166469028994,0.0437938003105837
2018,March,CA,Albany,0.8571428571428571,0.1904761904761904,73.28218680245534,40.124716099330335,0.0179441226617863
2018,April,CA,Albany,1.238095238095238,0.0,76.00075892857141,43.72431588309149,0.0020639709975858
2018,May,CA,Albany,1.6666666666666667,0.0,78.6310794503348,46.39409824916292,0.0004219252116732
2018,June,CA,Albany,1.761904761904762,0.0,81.41686174665176,50.7938950892857,0.0
2018,July,CA,Albany,1.0,0.0,82.22651227678568,53.302403390066935,0.0
2018,August,CA,Albany,1.0,0.0,81.58044817243301,53.40338867187498,0.0
2018,September,CA,Albany,1.761904761904762,0.0,84.57618443080354,52.504461146763376,0.0
2018,October,CA,Albany,1.380952380952381,0.0,82.93244925362723,48.4658215332031,0.0019192767683621
2018,November,CA,Albany,0.8571428571428571,0.0,74.94679338727676,42.51713553292408,0.0133512295386853
2018,December,CA,Albany,0.8571428571428571,0.238095238095238,66.77325038364953,37.093650948660695,0.0255042513141884
2019,January,CA,Albany,0.9047619047619048,0.238095238095238,65.98837140764506,37.94664515904016,0.0505457431504136
2019,February,CA,Albany,0.4761904761904761,0.0952380952380952,68.69899675641737,39.6620138113839,0.0528995508383686
2019,March,CA,Albany,1.0,0.0476190476190476,72.67724033900667,41.332725655691945,0.0188710446792807
2019,April,CA,Albany,0.8571428571428571,0.0,75.49640537806916,43.66441162109372,0.0079222309579954
2019,May,CA,Albany,1.5714285714285714,0.0476190476190476,78.00006399972096,45.027987583705325,0.0002151594319403
2019,June,CA,Albany,1.7142857142857142,0.0,80.85977382114953,50.48691877092632,0.0
2019,July,CA,Albany,1.0,0.0,81.63712716238837,51.929844796316935,0.0
2019,August,CA,Albany,1.0,0.0,82.34187918526784,52.54508701869416,0.0
2019,September,CA,Albany,2.0476190476190474,0.0,83.66013916015623,52.30810668945311,0.0
2019,October,CA,Albany,1.0,0.0,83.41364519391739,49.0468753487723,0.0052977998318349
2019,November,CA,Albany,0.9047619047619048,0.0952380952380952,74.63198800223213,40.46018886021204,0.0128770737145381
2019,December,CA,Albany,0.8571428571428571,0.0476190476190476,66.20705688476562,37.142903703962034,0.0148580797071071
2020,January,CA,Albany,0.6190476190476191,0.0952380952380952,66.09582815987721,37.04589704241069,0.0213504018217849
2020,February,CA,Albany,0.6190476190476191,0.0476190476190476,70.63521937779016,40.1466338239397,0.0544096900871506
2020,March,CA,Albany,1.1904761904761905,0.1904761904761904,73.47230259486604,41.01858991350444,0.0166085049762794
2020,April,CA,Albany,1.3333333333333333,0.0,75.96663330078123,43.633563581194174,0.00263984274084
2020,May,CA,Albany,1.4285714285714286,0.0,77.90548217773436,45.37161376953122,0.0002000281146208
2020,June,CA,Albany,1.809523809523809,0.0476190476190476,81.75001691545758,49.92850202287944,0.0
2020,July,CA,Albany,1.0,0.0,82.20740129743301,52.95440883091516,0.0
2020,August,CA,Albany,1.0,0.0,81.42787423270087,53.00084699358255,0.0
2020,September,CA,Albany,1.8571428571428568,0.0,83.73504760742186,52.77653756277899,0.0
2020,October,CA,Albany,1.3333333333333333,0.0,81.6731989397321,48.55125331333703,0.0018374491408356
2020,November,CA,Albany,0.9047619047619048,0.0476190476190476,75.84842041015624,40.19643851143972,0.0151285403063734
2020,December,CA,Albany,0.9047619047619048,0.238095238095238,66.29276332310266,37.08365077427453,0.0361400585963843
2021,January,CA,Albany,0.8095238095238095,0.5238095238095238,65.56538992745533,35.570574428013366,0.0362980873209067
2021,February,CA,Albany,0.6190476190476191,0.4285714285714285,69.49952340262274,37.49858084542409,0.0215531696390617
2021,March,CA,Albany,0.9523809523809524,0.0952380952380952,72.73639910016739,40.541053466796846,0.0191278584831233
2021,April,CA,Albany,1.0952380952380951,0.0,74.95746582031246,43.768185337611584,0.002376589978169
2021,May,CA,Albany,1.619047619047619,0.0,78.92186924525669,47.51859078543524,0.0001419661192203
2021,June,CA,Albany,1.809523809523809,0.0,80.12044625418524,50.80494681222096,0.0
2021,July,CA,Albany,1.0,0.0,81.35334245954239,52.34515415736605,0.0
2021,August,CA,Albany,1.0,0.0,81.87894147600443,53.28024762834819,0.0
2021,September,CA,Albany,1.809523809523809,0.0,83.39524309430801,52.42500645228792,0.0
2021,October,CA,Albany,1.238095238095238,0.0,81.94646554129461,47.21688528878346,0.0018046804992402
2021,November,CA,Albany,1.0,0.0,74.17380057198659,40.770440150669614,0.0271788763447799
2021,December,CA,Albany,1.0,0.0952380952380952,67.34149727957589,38.34679600306918,0.0170570854847211
2022,January,CA,Albany,0.7619047619047619,0.0952380952380952,66.74736973353792,37.436667654854894,0.0556205433843565
2022,February,CA,Albany,0.6190476190476191,0.2857142857142857,69.10413853236604,39.13701642717631,0.0349388765618623
2022,March,CA,Albany,0.9523809523809524,0.0,73.71536725725446,41.93305001395087,0.0117388724129239
2022,April,CA,Albany,0.9047619047619048,0.0,74.74581420898433,43.046179547991045,0.0078610161287763
2022,May,CA,Albany,1.5238095238095235,0.0,78.58482700892856,46.85036045619418,8.400785992605355e-05
2022,June,CA,Albany,1.761904761904762,0.0,80.25009015764506,50.64915021623882,0.0
2022,July,CA,Albany,1.0,0.0,83.06422502790177,52.69046229771203,0.0
2022,August,CA,Albany,1.0,0.0,81.64655186244417,52.99102207728792,0.0
2022,September,CA,Albany,1.7142857142857142,0.0,84.11872680664062,53.16408551897319,0.0
2022,October,CA,Albany,1.1428571428571428,0.0,81.94546630859372,48.06008074079239,0.001697116861837
2022,November,CA,Albany,1.0476190476190477,0.1904761904761904,75.13750558035713,40.11974609374997,0.0167493301450745
2022,December,CA,Albany,0.7619047619047619,0.3333333333333333,66.63020315987721,36.78146135602675,0.0495332116670182
2006,January,FL,Alachua,0.7142857142857143,2.7142857142857144,78.2496576799665,27.608118024553544,0.0252373393484711
2006,February,FL,Alachua,0.4285714285714285,0.9523809523809524,81.31853934151783,32.82938354492185,0.0290949711581051
2006,March,FL,Alachua,0.9523809523809524,0.4761904761904761,84.66214721679687,35.37730922154016,0.0083014271697038
2006,April,FL,Alachua,0.8571428571428571,0.0,90.44417061941962,45.618183593749976,0.0167648444499479
2006,May,FL,Alachua,0.7619047619047619,0.0,95.70176164899551,55.10505318777899,0.0409418167135369
2006,June,FL,Alachua,0.4761904761904761,0.0,99.06650251116068,63.693377162388366,0.0801646099193087
2006,July,FL,Alachua,0.1428571428571428,0.0,99.73103934151784,66.12212733677453,0.0840912909452312
2006,August,FL,Alachua,0.1904761904761904,0.0,97.95682059151784,67.21495047433035,0.095362397881067
2006,September,FL,Alachua,0.238095238095238,0.0,95.21622349330352,62.92943760463169,0.0781402886497951
2006,October,FL,Alachua,0.9047619047619048,0.0,90.81086024693076,51.39092093331471,0.0148683681876538
2006,November,FL,Alachua,0.8571428571428571,0.238095238095238,85.87924403599328,37.64427786690845,0.0080707567838383
2006,December,FL,Alachua,1.0,0.6666666666666666,80.22768327985489,32.16250558035712,0.0114590073798004
2007,January,FL,Alachua,1.0,2.095238095238096,80.50333548409597,29.760201067243283,0.0089174032078441
2007,February,FL,Alachua,0.7619047619047619,0.3809523809523809,81.02699358258926,33.64254708426337,0.023133957736253
2007,March,FL,Alachua,0.6666666666666666,0.3809523809523809,85.2793434361049,36.65567574637274,0.0235841337345991
2007,April,FL,Alachua,0.8095238095238095,0.0476190476190476,90.4305920410156,45.91913835797988,0.0152610915475737
2007,May,FL,Alachua,0.7142857142857143,0.0,97.40513427734372,55.32820905412944,0.0126950384976176
2007,June,FL,Alachua,0.3333333333333333,0.0,99.90376796177452,65.06708670479908,0.071379739526765
2007,July,FL,Alachua,0.0476190476190476,0.0,98.94748657226556,68.44066109793525,0.138531716982284
2007,August,FL,Alachua,0.0476190476190476,0.0,97.0178531319754,66.47232439313615,0.0894091778920116
2007,September,FL,Alachua,0.4285714285714285,0.0,95.69967163085934,62.06472726004464,0.0656289111821208
2007,October,FL,Alachua,0.7142857142857143,0.0,90.10685634068078,50.78405970982141,0.0184847305837691
2007,November,FL,Alachua,0.9523809523809524,0.0952380952380952,86.1954122488839,39.2589385114397,0.0083740378179425
2007,December,FL,Alachua,0.6190476190476191,1.0476190476190477,80.27967476981024,31.073938337053544,0.0085197604877609
2008,January,FL,Alachua,0.6666666666666666,2.619047619047619,78.79924351283479,29.60134660993301,0.0198879591708463
2008,February,FL,Alachua,0.6190476190476191,0.7619047619047619,81.05483607700891,32.796403634207564,0.0189623271999726
2008,March,FL,Alachua,0.7142857142857143,0.2857142857142857,86.4039536830357,38.55949131556917,0.0173082861290247
2008,April,FL,Alachua,0.5238095238095238,0.0,90.01749564034597,45.712072230747744,0.0266065336189639
2008,May,FL,Alachua,0.5238095238095238,0.0,95.30585885184148,55.66560180664061,0.020291742893021
2008,June,FL,Alachua,0.238095238095238,0.0,99.43403703962052,65.07690638950889,0.0705840830538103
2008,July,FL,Alachua,0.238095238095238,0.0,99.62268537248885,68.00201363699775,0.1027602553299847
2008,August,FL,Alachua,0.3333333333333333,0.0,99.15194475446428,68.36503330775668,0.0814412194709133
2008,September,FL,Alachua,0.6190476190476191,0.0,96.04849016462052,60.779771554129454,0.0586291869594957
2008,October,FL,Alachua,0.8571428571428571,0.0,89.65387433733255,50.20832118443078,0.0183875023724153
2008,November,FL,Alachua,0.5714285714285714,0.0476190476190476,85.64561976841517,40.987686941964256,0.0158617388904605
2008,December,FL,Alachua,0.7142857142857143,1.238095238095238,80.65070399693076,32.110477469308016,0.0155050462705431
2009,January,FL,Alachua,0.7142857142857143,1.7142857142857142,79.06704572405133,30.74571916852676,0.0171393740284842
2009,February,FL,Alachua,0.5714285714285714,0.8571428571428571,80.68205426897319,33.31167811802453,0.0218383517967615
2009,March,FL,Alachua,0.6190476190476191,0.4761904761904761,84.11316040039061,36.98093122209819,0.0260487002734817
2009,April,FL,Alachua,0.5714285714285714,0.0,89.20751552036829,46.23105852399552,0.0161223420885683
2009,May,FL,Alachua,0.5714285714285714,0.0,93.78491420200892,55.26594796316962,0.0242999769430749
2009,June,FL,Alachua,0.3333333333333333,0.0,97.95882690429684,64.11087071010041,0.065964157203966
2009,July,FL,Alachua,0.0952380952380952,0.0,97.59970476422988,68.29411132812497,0.1393476800673695
2009,August,FL,Alachua,0.1428571428571428,0.0,97.0535142299107,66.99158011300221,0.1042141539708075
2009,September,FL,Alachua,0.3333333333333333,0.0,93.35216273716516,63.32358782087052,0.0784285307107278
2009,October,FL,Alachua,1.1428571428571428,0.0,90.74193150111604,50.03147530691962,0.0086896120554063
2009,November,FL,Alachua,0.9523809523809524,0.1428571428571428,86.63070887974328,39.32608851841516,0.0098401524401166
2009,December,FL,Alachua,1.0,0.9047619047619048,80.22731706891737,31.80232666015623,0.0053304841000852
2010,January,FL,Alachua,0.6666666666666666,1.3333333333333333,79.06084629603794,30.728999023437467,0.0323373831623266
2010,February,FL,Alachua,0.6666666666666666,1.4285714285714286,81.48723964146204,30.6829820033482,0.0197358550219256
2010,March,FL,Alachua,1.0952380952380951,0.4285714285714285,85.07646780831472,35.04138916015623,0.0192994560726604
2010,April,FL,Alachua,0.6190476190476191,0.0,90.56700299944194,45.11813563755578,0.0162461938479947
2010,May,FL,Alachua,0.7142857142857143,0.0,95.53434570312496,55.22447719029015,0.0344407571257159
2010,June,FL,Alachua,0.1904761904761904,0.0,97.6376939174107,63.90730451311382,0.0726060341572403
2010,July,FL,Alachua,0.0476190476190476,0.0,98.94865321568076,68.74911795479909,0.0835972789177253
2010,August,FL,Alachua,0.238095238095238,0.0,98.03712803431918,68.48204816545756,0.1052682287240125
2010,September,FL,Alachua,0.3809523809523809,0.0,96.59061052594863,63.05896902901783,0.0628506903575939
2010,October,FL,Alachua,0.9047619047619048,0.0,90.37865286690844,49.28370657784596,0.0107710331210913
2010,November,FL,Alachua,0.7142857142857143,0.1904761904761904,85.88071672712051,39.46329206194194,0.0078046542588784
2010,December,FL,Alachua,0.6666666666666666,0.5238095238095238,81.52189627511159,34.66759242466516,0.0101871908547878
2011,January,FL,Alachua,0.9047619047619048,2.9047619047619047,79.46542044503344,27.169993722098184,0.0129400048973766
2011,February,FL,Alachua,0.7619047619047619,1.1904761904761905,80.99617431640621,32.462092285156224,0.0146565301157823
2011,March,FL,Alachua,0.7142857142857143,0.3809523809523809,85.67196602957588,37.680888497488816,0.0148552011579106
2011,April,FL,Alachua,0.6666666666666666,0.0476190476190476,91.00889665876112,45.41075387137274,0.0098090506890028
2011,May,FL,Alachua,0.5238095238095238,0.0,96.34101161411826,56.49839163643971,0.0287098604115551
2011,June,FL,Alachua,0.3809523809523809,0.0,100.26971470424108,63.90111816406248,0.0888791024741935
2011,July,FL,Alachua,0.0476190476190476,0.0,99.4945874023437,67.22568568638391,0.1173621066381077
2011,August,FL,Alachua,0.1904761904761904,0.0,98.55941807338166,68.07492361886159,0.0787346639928535
2011,September,FL,Alachua,0.1428571428571428,0.0,95.94788940429686,64.28448608398435,0.0571845364900355
2011,October,FL,Alachua,0.9047619047619048,0.0,90.27093976702004,51.36854282924104,0.0190780445641583
2011,November,FL,Alachua,1.0476190476190477,0.1428571428571428,85.78089808872767,38.406501464843736,0.0065408911911594
2011,December,FL,Alachua,0.8571428571428571,0.9523809523809524,78.25302420479909,31.44649257114953,0.0053833006074283
2012,January,FL,Alachua,0.8095238095238095,2.2857142857142856,78.02893188476561,28.556837158203106,0.022000426913086
2012,February,FL,Alachua,0.6190476190476191,1.2857142857142858,81.33517839704238,30.0403576660156,0.0139020524447843
2012,March,FL,Alachua,1.0,0.238095238095238,86.26694893973212,38.18326712472096,0.0127143754225338
2012,April,FL,Alachua,0.8095238095238095,0.0,91.80047206333704,46.54096452985489,0.0163986732949262
2012,May,FL,Alachua,1.0,0.0,97.25436261858256,56.46778163364953,0.0210388890067635
2012,June,FL,Alachua,0.4761904761904761,0.0,99.23099661690848,65.89502685546874,0.0754717719561501
2012,July,FL,Alachua,0.2857142857142857,0.0,101.20345842633928,68.77982212611604,0.0943156424598821
2012,August,FL,Alachua,0.2857142857142857,0.0,98.5797061593192,67.69310947963169,0.125795068258041
2012,September,FL,Alachua,0.2857142857142857,0.0,95.9429952566964,63.13758928571426,0.0579407512654781
2012,October,FL,Alachua,1.0476190476190477,0.0,90.7701166643415,50.47732927594864,0.0155999783531834
2012,November,FL,Alachua,0.9047619047619048,0.1428571428571428,86.00987932477676,39.9799084472656,0.0150485438020505
2012,December,FL,Alachua,1.1904761904761905,0.5714285714285714,81.10782156808034,33.70212960379462,0.0108654535974242
2013,January,FL,Alachua,0.6666666666666666,1.7142857142857142,80.5895964704241,30.73471976143971,0.0171060528797913
2013,February,FL,Alachua,0.5714285714285714,0.5238095238095238,82.11636125837052,33.70054181780132,0.0143158180394754
2013,March,FL,Alachua,1.0,0.2857142857142857,85.60677263532364,36.04445138113837,0.0092934753551258
2013,April,FL,Alachua,0.5238095238095238,0.0,90.55352382114953,46.498133544921856,0.0333311532917848
2013,May,FL,Alachua,0.8095238095238095,0.0,96.42915858677456,55.14787632533479,0.0221297748049434
2013,June,FL,Alachua,0.3333333333333333,0.0,98.8285648018973,64.64239972795758,0.0989373524172203
2013,July,FL,Alachua,0.1904761904761904,0.0,99.54611328124996,67.93973423549104,0.0902562682864572
2013,August,FL,Alachua,0.3809523809523809,0.0,99.25889404296872,67.05214355468748,0.0879890038855946
2013,September,FL,Alachua,0.3809523809523809,0.0,97.617850516183,63.26101806640624,0.0729873659571409
2013,October,FL,Alachua,0.7142857142857143,0.0,92.19569737025668,50.45264142717631,0.0174276636149909
2013,November,FL,Alachua,0.9047619047619048,0.0,85.48911429268969,40.57750453404016,0.0088762559461203
2013,December,FL,Alachua,0.7142857142857143,0.9523809523809524,81.10595127650667,32.89698085239953,0.0187859941812528
2014,January,FL,Alachua,0.6666666666666666,1.5714285714285714,78.60816510881695,30.04994716099328,0.0102279509591189
2014,February,FL,Alachua,0.8095238095238095,0.9523809523809524,81.27146030970981,31.594690290178544,0.01903849590677
2014,March,FL,Alachua,0.8571428571428571,0.4285714285714285,85.38599975585934,37.31500976562497,0.0262377816807151
2014,April,FL,Alachua,0.5238095238095238,0.0,90.46913574218743,45.08337698800221,0.0102872803760528
2014,May,FL,Alachua,0.6666666666666666,0.0,96.0555868094308,54.487652936662926,0.025096110056345
2014,June,FL,Alachua,0.3333333333333333,0.0,98.61280639648434,64.62655587332587,0.106684387973237
2014,July,FL,Alachua,0.1428571428571428,0.0,100.62611642020086,66.86105207170756,0.096043742649065
2014,August,FL,Alachua,0.0952380952380952,0.0,98.4095488630022,67.3360878208705,0.0948084902564177
2014,September,FL,Alachua,0.4285714285714285,0.0,95.17427403041292,62.89089390345981,0.0805461194426201
2014,October,FL,Alachua,0.8095238095238095,0.0,90.6479957798549,51.38031127929685,0.0268695531488992
2014,November,FL,Alachua,0.4761904761904761,0.0476190476190476,85.91805977957587,38.77036603655132,0.0182642443225654
2014,December,FL,Alachua,0.7142857142857143,1.238095238095238,80.46512137276785,32.138482142857114,0.0114821747718367
2015,January,FL,Alachua,0.9047619047619048,2.4761904761904763,80.05359967912945,28.630958251953096,0.0067753588367823
2015,February,FL,Alachua,0.5238095238095238,0.8095238095238095,82.02759957449773,32.18311279296873,0.030743253811688
2015,March,FL,Alachua,0.8571428571428571,0.4285714285714285,86.49554042271204,36.69069335937498,0.0158168826779479
2015,April,FL,Alachua,0.7619047619047619,0.0952380952380952,90.60799508231024,44.19364135742185,0.0234049075866336
2015,May,FL,Alachua,0.4285714285714285,0.0,95.99422031947545,56.5565642438616,0.0346745685678424
2015,June,FL,Alachua,0.1904761904761904,0.0,98.1534235491071,64.9576157924107,0.08753997086332
2015,July,FL,Alachua,0.0476190476190476,0.0,99.0590631975446,69.12374389648436,0.1375707842884176
2015,August,FL,Alachua,0.238095238095238,0.0,98.00473406110488,68.49896711077005,0.1209582306668047
2015,September,FL,Alachua,0.3333333333333333,0.0,94.97607020786826,63.24066196986605,0.0700565728039037
2015,October,FL,Alachua,0.9047619047619048,0.0,90.5773693847656,50.512137625558026,0.0192082799306225
2015,November,FL,Alachua,1.0,0.1428571428571428,85.88457763671875,37.50442452566962,0.0095281761319144
2015,December,FL,Alachua,0.7142857142857143,1.619047619047619,80.46506382533481,31.7834720284598,0.0199744566363244
2016,January,FL,Alachua,0.6666666666666666,2.333333333333333,79.53028686523434,28.254315534319165,0.0278006806496893
2016,February,FL,Alachua,0.7619047619047619,1.0476190476190477,80.78949271065846,32.1912112862723,0.0104095885445593
2016,March,FL,Alachua,0.5238095238095238,0.4761904761904761,84.5508792550223,35.80340611049105,0.0190392632227175
2016,April,FL,Alachua,0.6666666666666666,0.0,91.96280552455354,46.04857038225445,0.0106357727265125
2016,May,FL,Alachua,0.6666666666666666,0.0,95.70814418247768,55.18096609933033,0.0185026562179295
2016,June,FL,Alachua,0.4761904761904761,0.0,97.90402605329238,64.65815987723211,0.0904945605547504
2016,July,FL,Alachua,0.0476190476190476,0.0,99.33919886997766,68.58449567522318,0.1126954684202785
2016,August,FL,Alachua,0.238095238095238,0.0,98.54705845424104,66.80495378766739,0.1152754207503776
2016,September,FL,Alachua,0.5238095238095238,0.0,97.49335187639508,61.22740426199774,0.040558418250647
2016,October,FL,Alachua,0.8571428571428571,0.0,91.49540265764507,48.94646815708703,0.0270409487953172
2016,November,FL,Alachua,0.7142857142857143,0.2857142857142857,85.87352591378347,40.56214460100444,0.0115104120387596
2016,December,FL,Alachua,0.6190476190476191,1.238095238095238,80.10430943080355,31.592997872488816,0.0134716650933437
2017,January,FL,Alachua,0.9047619047619048,2.7142857142857144,79.25324567522318,28.28717250279015,0.0145333720350273
2017,February,FL,Alachua,0.6666666666666666,1.0,81.4214132254464,32.84414969308034,0.0204517573585548
2017,March,FL,Alachua,0.5714285714285714,0.4285714285714285,84.71330165318079,36.60593122209819,0.0245273013543922
2017,April,FL,Alachua,0.4761904761904761,0.0,90.50746233258926,45.28395333426338,0.0164696569958951
2017,May,FL,Alachua,0.6190476190476191,0.0,96.55658429827008,53.8777103097098,0.0138484428353622
2017,June,FL,Alachua,0.1904761904761904,0.0,99.70127423967632,64.64547328404016,0.0910586011294468
2017,July,FL,Alachua,0.0952380952380952,0.0,100.36102678571426,68.84845790318077,0.1217464650948144
2017,August,FL,Alachua,0.0952380952380952,0.0,98.21774065290175,67.82928240094864,0.1225984649329642
2017,September,FL,Alachua,0.4285714285714285,0.0,95.5613825334821,63.51942958286829,0.056730335892273
2017,October,FL,Alachua,1.0,0.0,90.93406668526784,51.48152675083704,0.0201676619853847
2017,November,FL,Alachua,0.8095238095238095,0.0952380952380952,85.22428623744419,38.45762712751112,0.0170778006990479
2017,December,FL,Alachua,1.0,1.0952380952380951,81.07946114676336,32.68260620117186,0.0139510088133182
2018,January,FL,Alachua,0.6666666666666666,1.9523809523809523,79.64630510602676,28.59113542829239,0.017022636615605
2018,February,FL,Alachua,0.7142857142857143,1.1904761904761905,80.85542637416293,32.72537440708703,0.0135374751217446
2018,March,FL,Alachua,0.6666666666666666,0.4285714285714285,86.40971888950891,36.2187730189732,0.0091622811674278
2018,April,FL,Alachua,0.6666666666666666,0.0476190476190476,91.12263392857142,44.4089629255022,0.0141323720543238
2018,May,FL,Alachua,0.6190476190476191,0.0,96.69288800920758,56.22155447823657,0.0344767977712435
2018,June,FL,Alachua,0.1428571428571428,0.0,98.6703878348214,64.82915422712051,0.0994181840180953
2018,July,FL,Alachua,0.0952380952380952,0.0,99.15619018554686,68.4085443987165,0.0930899444881113
2018,August,FL,Alachua,0.2857142857142857,0.0,100.662426234654,66.77500558035712,0.065991650863059
2018,September,FL,Alachua,0.3809523809523809,0.0,96.8795640345982,64.87482857840398,0.0697001578402375
2018,October,FL,Alachua,1.238095238095238,0.0,91.81694632393972,48.84099417550221,0.0163744593694474
2018,November,FL,Alachua,0.7142857142857143,0.2857142857142857,86.60258126395088,36.66553728376114,0.0109898404386428
2018,December,FL,Alachua,0.6666666666666666,0.9523809523809524,80.18637730189732,32.16239048549105,0.0126076867480629
2019,January,FL,Alachua,0.8571428571428571,2.142857142857143,79.24994192940846,29.95255336216516,0.0253967636534815
2019,February,FL,Alachua,0.6666666666666666,0.4761904761904761,81.86708932059149,34.54288452148435,0.0211891961300917
2019,March,FL,Alachua,0.8095238095238095,0.3809523809523809,86.1082514299665,37.06643886021203,0.022015245373947
2019,April,FL,Alachua,0.6666666666666666,0.0,91.32816196986604,46.92512765066963,0.0294712246513666
2019,May,FL,Alachua,0.8571428571428571,0.0,96.23486798967632,55.96689662388391,0.0304716917454095
2019,June,FL,Alachua,0.0952380952380952,0.0,98.92804077148436,66.590307094029,0.08746354578567
2019,July,FL,Alachua,0.1428571428571428,0.0,99.82547729492188,69.11454677036829,0.1109741219014025
2019,August,FL,Alachua,0.0952380952380952,0.0,98.7362561035156,68.84214861188615,0.1260299417833222
2019,September,FL,Alachua,0.3333333333333333,0.0,96.83735560825887,66.02359828404016,0.0886799754452848
2019,October,FL,Alachua,0.9523809523809524,0.0,92.24983904157364,49.64083286830355,0.016965258857609
2019,November,FL,Alachua,0.5238095238095238,0.0952380952380952,86.12186139787944,40.58750209263389,0.0161776802809095
2019,December,FL,Alachua,0.7142857142857143,0.7142857142857143,81.30052176339282,34.48618722098212,0.0170707474034355
2020,January,FL,Alachua,0.7142857142857143,2.0,79.12084734235489,28.271203090122743,0.0141207369247306
2020,February,FL,Alachua,0.8095238095238095,1.0476190476190477,81.68068272181917,32.86698817661828,0.0235145480351108
2020,March,FL,Alachua,0.8095238095238095,0.2857142857142857,86.18787091936382,37.0588373674665,0.0098315295863245
2020,April,FL,Alachua,0.5714285714285714,0.0,91.56310459681916,44.82243600027899,0.0132029450910353
2020,May,FL,Alachua,0.7142857142857143,0.0,97.32206194196428,56.56762642996649,0.023326135385777
2020,June,FL,Alachua,0.1904761904761904,0.0,99.17257027762274,63.32981863839285,0.0983955071085135
2020,July,FL,Alachua,0.1428571428571428,0.0,98.36888636997764,69.11840244838167,0.1101666025201139
2020,August,FL,Alachua,0.2857142857142857,0.0,99.16514927455356,66.76688616071426,0.0993924701562434
2020,September,FL,Alachua,0.3809523809523809,0.0,96.48226440429686,64.6707287597656,0.0723670257953779
2020,October,FL,Alachua,0.6190476190476191,0.0,91.04931326729908,51.6766831752232,0.022687333351803
2020,November,FL,Alachua,1.0,0.1428571428571428,86.51172171456473,38.371737583705325,0.00563544468496
2020,December,FL,Alachua,0.9523809523809524,0.5714285714285714,81.17732578822542,33.91679983956471,0.0133293108010302
2021,January,FL,Alachua,0.6666666666666666,2.1904761904761907,80.02914725167409,28.88912126813613,0.0108978396249443
2021,February,FL,Alachua,0.5238095238095238,1.4285714285714286,81.6303731863839,32.18347115652899,0.0149826903851128
2021,March,FL,Alachua,0.8571428571428571,0.8095238095238095,87.03419747488837,34.39857910156248,0.005915808633602
2021,April,FL,Alachua,0.7142857142857143,0.0,91.36422066824774,46.23968802315847,0.0111812780890946
2021,May,FL,Alachua,0.5238095238095238,0.0,96.70074061802454,56.17601353236604,0.0333320356391183
2021,June,FL,Alachua,0.238095238095238,0.0,99.34896100725445,66.01800833565846,0.1081907528681772
2021,July,FL,Alachua,0.0476190476190476,0.0,99.20130737304684,68.929764578683,0.1359972628765855
2021,August,FL,Alachua,0.0952380952380952,0.0,98.882787562779,68.55306169782364,0.0749269267781499
2021,September,FL,Alachua,0.3333333333333333,0.0,97.45201189313616,66.00770211356026,0.0674332888230782
2021,October,FL,Alachua,0.8571428571428571,0.0,91.23480957031248,49.08551845005578,0.0237278615669884
2021,November,FL,Alachua,0.8095238095238095,0.1428571428571428,86.98277884347097,40.52490356445311,0.0146363980642919
2021,December,FL,Alachua,0.7619047619047619,0.9523809523809524,80.91862653459819,32.24286795479909,0.0055931635631482
2022,January,FL,Alachua,0.6666666666666666,1.761904761904762,78.60077287946426,30.17851858956471,0.0162653037156627
2022,February,FL,Alachua,0.6190476190476191,0.7142857142857143,81.6223636300223,33.67637974330356,0.0239882845084767
2022,March,FL,Alachua,1.0476190476190477,0.5238095238095238,86.77288766043526,37.16714163643971,0.0089770830592761
2022,April,FL,Alachua,0.8571428571428571,0.0,91.29576799665178,46.68478864397319,0.0130810644679699
2022,May,FL,Alachua,0.8571428571428571,0.0,96.07952130998883,54.96641095842632,0.0231992756626727
2022,June,FL,Alachua,0.5714285714285714,0.0,99.82409354073658,65.82292253766738,0.0579621251296145
2022,July,FL,Alachua,0.0476190476190476,0.0,99.74417585100444,69.68574951171873,0.1210827214708638
2022,August,FL,Alachua,0.2857142857142857,0.0,99.86757324218748,68.34493094308034,0.0967012732937283
2022,September,FL,Alachua,0.1428571428571428,0.0,96.50281930106026,64.6434591238839,0.0900426706605714
2022,October,FL,Alachua,1.0476190476190477,0.0,91.10315673828124,48.12272373744418,0.0115006477655361
2022,November,FL,Alachua,0.9523809523809524,0.1428571428571428,86.2454105050223,39.87104963030132,0.0066823001891824
2022,December,FL,Alachua,1.0952380952380951,1.238095238095238,81.41874773297988,31.88274919782363,0.0131944563488357
2006,January,MS,Ackerman,0.7619047619047619,15.761904761904765,68.28475987025668,16.643736397879444,0.0202183981189333
2006,February,MS,Ackerman,0.2857142857142857,8.619047619047619,71.71026559012273,18.613628191266724,0.0355082187390453
2006,March,MS,Ackerman,0.5714285714285714,4.238095238095238,77.42364013671873,25.492232317243285,0.0259101352240854
2006,April,MS,Ackerman,0.7142857142857143,0.1904761904761904,83.61012782505577,36.42570574079239,0.0502674442261166
2006,May,MS,Ackerman,0.6190476190476191,0.0,89.57071829659597,48.23722220284596,0.068791435678188
2006,June,MS,Ackerman,0.5714285714285714,0.0,94.8460182407924,57.24002110072544,0.0369651916533922
2006,July,MS,Ackerman,0.3809523809523809,0.0,99.6217306082589,61.68307529994416,0.0353889455951529
2006,August,MS,Ackerman,0.5714285714285714,0.0,98.23465698242188,62.05735857282364,0.027957366993409
2006,September,MS,Ackerman,0.5714285714285714,0.0,93.88622384207588,51.532587018694166,0.0248704052067452
2006,October,MS,Ackerman,1.3333333333333333,0.1428571428571428,87.80618321010041,37.73354439871649,0.0061828601162797
2006,November,MS,Ackerman,0.6666666666666666,4.476190476190476,79.14696602957586,24.68872889927453,0.0116169492451011
2006,December,MS,Ackerman,0.5714285714285714,11.38095238095238,71.682645438058,17.47483380998882,0.010670254326504
2007,January,MS,Ackerman,0.8095238095238095,14.0,68.30099870954238,16.43351300920757,0.0395615660446106
2007,February,MS,Ackerman,0.6190476190476191,8.285714285714286,72.77459751674105,18.890093906947524,0.0223269700163205
2007,March,MS,Ackerman,0.6666666666666666,2.857142857142857,78.28573468889506,25.70718505859373,0.0328746347943593
2007,April,MS,Ackerman,0.5238095238095238,0.238095238095238,84.79773681640624,37.027186279296856,0.0307318830766932
2007,May,MS,Ackerman,0.5238095238095238,0.0,90.81020891462052,48.90787475585935,0.0323048477488631
2007,June,MS,Ackerman,0.5238095238095238,0.0,96.01710588727676,58.53559169224328,0.0332940821919571
2007,July,MS,Ackerman,0.4285714285714285,0.0,98.2683091517857,63.56995884486605,0.057818532625644
2007,August,MS,Ackerman,0.5714285714285714,0.0,98.12853951590398,63.52098859514505,0.0357194076263996
2007,September,MS,Ackerman,1.0476190476190477,0.0,94.31419363839284,49.46014177594864,0.0163465888664935
2007,October,MS,Ackerman,1.380952380952381,0.1904761904761904,88.3463391113281,37.14757812499998,0.0093177273080846
2007,November,MS,Ackerman,0.8571428571428571,3.1904761904761907,79.4387733677455,26.601234130859343,0.0264256294037834
2007,December,MS,Ackerman,0.9523809523809524,13.952380952380953,72.10639857700892,15.572041015624976,0.0172971892913263
2008,January,MS,Ackerman,0.6666666666666666,14.285714285714286,68.91382655552454,16.90070399693078,0.029937313854397
2008,February,MS,Ackerman,0.3809523809523809,7.285714285714286,73.23162876674105,22.728098318917382,0.0345823408668026
2008,March,MS,Ackerman,0.238095238095238,2.761904761904762,77.94473214285712,28.28389229910712,0.0369151205012364
2008,April,MS,Ackerman,0.5238095238095238,0.0952380952380952,84.79692068917409,36.90565133231024,0.0304308621073184
2008,May,MS,Ackerman,0.5238095238095238,0.0,91.75262398856025,45.419830671037936,0.0397261830172263
2008,June,MS,Ackerman,0.6666666666666666,0.0,96.35257341657363,58.642745012555785,0.0360775833022089
2008,July,MS,Ackerman,0.4285714285714285,0.0,99.34988961356024,63.47095633370535,0.0388517117006843
2008,August,MS,Ackerman,0.5714285714285714,0.0,98.26712419782363,61.23665108816962,0.0271101963269765
2008,September,MS,Ackerman,0.7619047619047619,0.0,95.01261021205352,49.25436523437499,0.0176751832417071
2008,October,MS,Ackerman,1.1904761904761905,0.0952380952380952,88.17566127232142,38.77557669503347,0.0133308417660453
2008,November,MS,Ackerman,0.5238095238095238,2.7142857142857144,78.29692766462053,27.80020612444195,0.0278908288591266
2008,December,MS,Ackerman,0.7619047619047619,11.523809523809524,70.79235264369417,17.16445172991069,0.0326961908265277
2009,January,MS,Ackerman,0.3333333333333333,14.571428571428571,67.95626342773437,15.086324986049084,0.0323076697779257
2009,February,MS,Ackerman,0.5238095238095238,9.0,71.52209856305801,19.342316022600425,0.0263590190563633
2009,March,MS,Ackerman,0.6190476190476191,4.190476190476191,76.94705060686381,25.795601457868287,0.0314067249954265
2009,April,MS,Ackerman,0.238095238095238,0.4285714285714285,83.96785313197542,35.929625941685245,0.0424382702733364
2009,May,MS,Ackerman,0.5238095238095238,0.0,90.18133056640625,48.04059570312498,0.033006693290637
2009,June,MS,Ackerman,0.6666666666666666,0.0,96.236795828683,56.90126552036829,0.0409338808127815
2009,July,MS,Ackerman,0.5714285714285714,0.0,96.96114536830352,64.04006120954239,0.0653720950821622
2009,August,MS,Ackerman,0.4285714285714285,0.0,96.62219883510042,62.21782958984373,0.0300426682587067
2009,September,MS,Ackerman,0.9047619047619048,0.0,92.39713954380578,48.33325578962052,0.0211094691696521
2009,October,MS,Ackerman,0.9523809523809524,0.3809523809523809,86.88087280273434,35.14038643973211,0.0124809169308502
2009,November,MS,Ackerman,0.8095238095238095,3.238095238095238,79.30517700195311,26.77969395228792,0.0239927331648491
2009,December,MS,Ackerman,0.8571428571428571,12.61904761904762,71.17291904994417,16.59597987583703,0.0151122646801993
2010,January,MS,Ackerman,0.6190476190476191,14.095238095238097,68.09141095842631,18.41428780691962,0.0337212150043342
2010,February,MS,Ackerman,0.4761904761904761,10.952380952380953,72.01553379603791,17.75386038643971,0.0286031927209378
2010,March,MS,Ackerman,0.4285714285714285,4.238095238095238,77.9067613002232,25.69939522879462,0.0322841719316293
2010,April,MS,Ackerman,0.5714285714285714,0.2857142857142857,84.86762294224329,36.15701154436381,0.0510112970246323
2010,May,MS,Ackerman,0.7142857142857143,0.0,91.4821798270089,46.70917567661828,0.0226506612444364
2010,June,MS,Ackerman,0.5238095238095238,0.0,95.6844084821428,57.917155587332566,0.0474058825409339
2010,July,MS,Ackerman,0.4761904761904761,0.0,98.22930507114953,63.19081804547987,0.0574765339759516
2010,August,MS,Ackerman,0.6190476190476191,0.0,98.6402303641183,61.48165405273436,0.0256725956997471
2010,September,MS,Ackerman,0.9047619047619048,0.0,95.10634451729908,52.457876499720975,0.0209428945658948
2010,October,MS,Ackerman,1.1428571428571428,0.1428571428571428,87.92948381696426,36.57159894670757,0.011212359788037
2010,November,MS,Ackerman,0.5714285714285714,3.380952380952381,80.56429129464284,26.58538504464284,0.0329130128675781
2010,December,MS,Ackerman,0.7619047619047619,11.428571428571429,72.13988333565847,17.729156842912925,0.022009696097651
2011,January,MS,Ackerman,0.9047619047619048,16.952380952380953,68.11264334542409,14.769079066685244,0.0191633239026648
2011,February,MS,Ackerman,0.7142857142857143,8.80952380952381,72.5212449428013,18.52018293108257,0.0188015540839375
2011,March,MS,Ackerman,0.3809523809523809,3.761904761904762,78.9492408970424,26.265324532645064,0.033005756106988
2011,April,MS,Ackerman,0.4285714285714285,0.3333333333333333,84.15232666015625,37.77132690429685,0.0374051392721732
2011,May,MS,Ackerman,0.8095238095238095,0.0,91.61096836635042,48.33596313476559,0.0386643984689602
2011,June,MS,Ackerman,0.8095238095238095,0.0,98.42165475027902,55.70799857003346,0.0232891498384278
2011,July,MS,Ackerman,0.4761904761904761,0.0,100.66675013950892,61.94111275809149,0.04719616874356
2011,August,MS,Ackerman,0.4761904761904761,0.0,100.77017072405133,61.2504415457589,0.0225678171332388
2011,September,MS,Ackerman,0.7619047619047619,0.0,95.03982753208702,50.28525425502229,0.0295077814706886
2011,October,MS,Ackerman,1.0476190476190477,0.1904761904761904,87.76513619559151,35.91283255440846,0.0136486099147755
2011,November,MS,Ackerman,0.9523809523809524,3.809523809523809,78.78752999441963,25.22704851422989,0.0132571187013709
2011,December,MS,Ackerman,1.0476190476190477,12.38095238095238,71.14864711216515,19.51493216378346,0.0060379691692554
2012,January,MS,Ackerman,0.6666666666666666,13.761904761904765,69.28072806222096,15.283173828124978,0.0289169575849991
2012,February,MS,Ackerman,0.5714285714285714,9.666666666666666,73.50400861467631,19.513498709542382,0.01948677870794
2012,March,MS,Ackerman,0.5238095238095238,2.8095238095238093,80.14324811662944,28.543698032924084,0.0203760680229549
2012,April,MS,Ackerman,0.7142857142857143,0.2857142857142857,85.55268851143971,38.2793713378906,0.0368985993420645
2012,May,MS,Ackerman,0.4761904761904761,0.0,92.35553274972096,47.5884272112165,0.0286220455256095
2012,June,MS,Ackerman,0.6190476190476191,0.0,98.574832938058,59.07410487583703,0.0489653553938064
2012,July,MS,Ackerman,0.4285714285714285,0.0,100.36587123325891,64.96579014369418,0.0458804010147102
2012,August,MS,Ackerman,0.6190476190476191,0.0,98.26796125139508,62.03545915876113,0.0223749975293736
2012,September,MS,Ackerman,0.7142857142857143,0.0,94.65516741071426,49.46437935965399,0.0223278201802192
2012,October,MS,Ackerman,1.1428571428571428,0.0952380952380952,87.24078491210936,38.43960431780132,0.0132493210878014
2012,November,MS,Ackerman,0.8095238095238095,2.9047619047619047,78.59955392020089,25.98029994419641,0.0242297462422879
2012,December,MS,Ackerman,1.0476190476190477,12.19047619047619,71.60604195731025,18.072610386439717,0.0137286503833906
2013,January,MS,Ackerman,0.5238095238095238,13.333333333333334,69.62513898577006,16.81489554268971,0.0320770879801308
2013,February,MS,Ackerman,0.4761904761904761,7.571428571428571,72.23234113420756,20.02749930245533,0.0252311555177727
2013,March,MS,Ackerman,0.4285714285714285,3.761904761904762,77.31177054268971,26.001506173270062,0.0282713982426115
2013,April,MS,Ackerman,0.6666666666666666,0.1428571428571428,83.98633893694195,36.9707531738281,0.0369718221387993
2013,May,MS,Ackerman,0.6190476190476191,0.0,91.1038316127232,48.83680890764507,0.0255359265677626
2013,June,MS,Ackerman,0.3809523809523809,0.0,96.87437953404016,57.51677716936382,0.0387958148443169
2013,July,MS,Ackerman,0.6190476190476191,0.0,99.25269723074776,63.24439732142857,0.0301857398369584
2013,August,MS,Ackerman,0.5238095238095238,0.0,99.32718191964284,62.645514264787934,0.0314083283818985
2013,September,MS,Ackerman,0.6190476190476191,0.0,94.78320521763392,51.86788713727677,0.0357985336355056
2013,October,MS,Ackerman,1.2857142857142858,0.1904761904761904,87.53381120954239,38.008848702566944,0.0177324426708872
2013,November,MS,Ackerman,0.9047619047619048,3.1904761904761907,78.4138902064732,28.17127720424105,0.0176466994962211
2013,December,MS,Ackerman,0.6666666666666666,12.238095238095235,71.59718488420756,16.07787248883927,0.0226971962544326
2014,January,MS,Ackerman,0.6666666666666666,14.857142857142858,67.46293282645087,17.885026681082568,0.0230536932032532
2014,February,MS,Ackerman,0.6666666666666666,9.0,72.85333286830355,19.74894880022319,0.0268221358870971
2014,March,MS,Ackerman,0.3333333333333333,4.333333333333333,77.36734566824774,25.093941301618283,0.0319348319638862
2014,April,MS,Ackerman,0.8571428571428571,0.6190476190476191,85.98670601981023,33.07528111049105,0.0276599863526037
2014,May,MS,Ackerman,0.5714285714285714,0.0476190476190476,91.53295235770086,48.611024169921855,0.05373781955465
2014,June,MS,Ackerman,0.5238095238095238,0.0,97.1103501674107,56.98078560965399,0.0553601952505738
2014,July,MS,Ackerman,0.4761904761904761,0.0,99.95187761579238,63.033336879185256,0.0476577848933375
2014,August,MS,Ackerman,0.4285714285714285,0.0,98.5968762207031,63.40955583844865,0.0391897312983642
2014,September,MS,Ackerman,0.7142857142857143,0.0,94.11627232142854,52.22658551897321,0.0305458445906415
2014,October,MS,Ackerman,1.0952380952380951,0.0,87.65393624441963,38.67103916713168,0.0130180552845153
2014,November,MS,Ackerman,0.7619047619047619,3.523809523809524,80.19269967215398,26.391408342633905,0.0156875433181182
2014,December,MS,Ackerman,0.8095238095238095,11.428571428571429,72.07304460797988,18.531028006417397,0.020664327096151
2015,January,MS,Ackerman,0.5714285714285714,15.095238095238097,68.95619192940846,14.607491106305778,0.030116858252104
2015,February,MS,Ackerman,0.5238095238095238,9.333333333333334,71.44439644949775,20.4280516706194,0.0269343973307568
2015,March,MS,Ackerman,0.3809523809523809,4.666666666666667,78.05835693359374,26.028302350725426,0.0286950295712332
2015,April,MS,Ackerman,0.5714285714285714,0.3333333333333333,83.9226077706473,36.659701450892825,0.0403712057204624
2015,May,MS,Ackerman,0.5238095238095238,0.0,91.35976597377228,48.78992344447542,0.0456331431026395
2015,June,MS,Ackerman,0.5238095238095238,0.0,96.21675885881692,57.66551374162945,0.0434923380127413
2015,July,MS,Ackerman,0.4285714285714285,0.0,99.23802001953123,64.37195818219864,0.0658502538537542
2015,August,MS,Ackerman,0.6190476190476191,0.0,96.9693092564174,62.13380510602676,0.0380018783188133
2015,September,MS,Ackerman,0.6666666666666666,0.0,94.04761823381692,50.816137172154,0.0245275551080178
2015,October,MS,Ackerman,1.0476190476190477,0.1904761904761904,87.91537684849328,37.12352591378345,0.0090357373893169
2015,November,MS,Ackerman,0.7142857142857143,4.333333333333333,77.4892102050781,25.491761474609355,0.0159759477276916
2015,December,MS,Ackerman,0.8095238095238095,12.476190476190476,71.33681413922989,18.801153041294626,0.0192090139793588
2016,January,MS,Ackerman,0.6666666666666666,13.80952380952381,70.02867204938615,15.758431919642836,0.0242033776580494
2016,February,MS,Ackerman,0.7142857142857143,11.047619047619047,71.36270002092631,18.898130929129444,0.032585080677325
2016,March,MS,Ackerman,0.5238095238095238,2.6666666666666665,77.2805170549665,26.76291887555801,0.0287649989580441
2016,April,MS,Ackerman,0.4285714285714285,0.0952380952380952,85.18907505580356,36.73848650251115,0.0413589680113385
2016,May,MS,Ackerman,0.7619047619047619,0.0,90.1660857282366,47.5761748395647,0.0345192480955162
2016,June,MS,Ackerman,0.5714285714285714,0.0,94.70982177734372,59.11678676060265,0.0424379732813711
2016,July,MS,Ackerman,0.2857142857142857,0.0,98.60577253069194,63.64641060965399,0.0603790687115267
2016,August,MS,Ackerman,0.5714285714285714,0.0,98.23505458286829,62.65380371093747,0.0390471396233298
2016,September,MS,Ackerman,1.238095238095238,0.0,96.31900756835935,51.681375906808,0.0165526747544659
2016,October,MS,Ackerman,1.1904761904761905,0.3809523809523809,88.89833147321428,35.3165051269531,0.0202983973342845
2016,November,MS,Ackerman,0.6666666666666666,3.2857142857142856,78.66454851422989,28.427611781529,0.0354928609895795
2016,December,MS,Ackerman,0.9047619047619048,13.142857142857142,71.23921369280131,17.45901872907364,0.0094421213783281
2017,January,MS,Ackerman,0.6190476190476191,14.523809523809524,68.70041190011159,15.654221365792392,0.0330544232063329
2017,February,MS,Ackerman,0.3809523809523809,9.61904761904762,72.0607189941406,20.05579956054685,0.0196063189614874
2017,March,MS,Ackerman,0.6666666666666666,3.6666666666666665,77.3151135253906,27.366578369140605,0.030772251011308
2017,April,MS,Ackerman,0.5714285714285714,0.3333333333333333,85.2280032784598,37.51597848074775,0.0474455399766764
2017,May,MS,Ackerman,0.7142857142857143,0.0,92.0765898786272,45.939470912388366,0.0464435515221741
2017,June,MS,Ackerman,0.6190476190476191,0.0,97.45908238002228,57.04589529854909,0.0288387595389314
2017,July,MS,Ackerman,0.7142857142857143,0.0,99.71382219587052,64.84055908203122,0.0552208499532482
2017,August,MS,Ackerman,0.6190476190476191,0.0,99.5387472098214,61.65395629882809,0.0232935057144476
2017,September,MS,Ackerman,0.6190476190476191,0.0,96.18965663364952,50.83520891462052,0.0210643996939955
2017,October,MS,Ackerman,1.380952380952381,0.1428571428571428,87.53619158063614,37.54713518415176,0.0117953251791291
2017,November,MS,Ackerman,0.9523809523809524,3.1904761904761907,78.5902103097098,26.302850690569173,0.0172955946335481
2017,December,MS,Ackerman,0.8571428571428571,10.428571428571429,72.0100589425223,18.81841988699774,0.0183735737296092
2018,January,MS,Ackerman,0.8571428571428571,13.666666666666666,70.24031581333702,15.925497349330332,0.0264766020781438
2018,February,MS,Ackerman,0.5238095238095238,10.047619047619047,72.29613246372766,20.05619977678569,0.0387791688143406
2018,March,MS,Ackerman,0.5238095238095238,3.0476190476190474,79.81889247349328,27.43741925920757,0.0223979098534162
2018,April,MS,Ackerman,0.6666666666666666,0.4761904761904761,85.38578526088169,35.444213344029,0.0305771650269558
2018,May,MS,Ackerman,0.6190476190476191,0.0,91.3409427315848,49.26988996233256,0.0458976294490564
2018,June,MS,Ackerman,0.3333333333333333,0.0,96.00801862444192,57.142713623046845,0.0423728685277469
2018,July,MS,Ackerman,0.2857142857142857,0.0,99.57493669782365,64.34908569335934,0.0440346376462779
2018,August,MS,Ackerman,0.7142857142857143,0.0,100.58578351702008,64.44955566406249,0.0223448816574087
2018,September,MS,Ackerman,0.9523809523809524,0.0,95.68882655552451,51.30952793666292,0.0264417483836261
2018,October,MS,Ackerman,1.5238095238095235,0.0952380952380952,88.03052664620532,37.81011387416292,0.0053839207722612
2018,November,MS,Ackerman,0.6190476190476191,3.4761904761904763,80.6191130719866,26.243937813895062,0.0247338590141876
2018,December,MS,Ackerman,0.5714285714285714,11.142857142857142,71.40958548409597,19.92013148716516,0.0118570181091647
2019,January,MS,Ackerman,0.8095238095238095,13.904761904761903,68.6100807407924,18.393133893694177,0.0224471179752499
2019,February,MS,Ackerman,0.4285714285714285,6.809523809523809,73.38567278180801,22.438012172154,0.034364866417573
2019,March,MS,Ackerman,0.5714285714285714,4.190476190476191,77.27532732282364,26.70976858956471,0.0310431659578473
2019,April,MS,Ackerman,0.3333333333333333,0.3333333333333333,84.42865635463166,35.7896496582031,0.0427614206976412
2019,May,MS,Ackerman,0.6190476190476191,0.0,91.13042898995532,47.00923060825891,0.0442865265414416
2019,June,MS,Ackerman,0.5238095238095238,0.0,97.06777814592633,58.85585362025667,0.040078752663829
2019,July,MS,Ackerman,0.4285714285714285,0.0,100.5306949288504,63.95312011718748,0.0451372095010706
2019,August,MS,Ackerman,0.5238095238095238,0.0,100.93661097935266,63.255537981305785,0.0249786591123104
2019,September,MS,Ackerman,1.0952380952380951,0.0,97.06339146205352,52.35898908342632,0.0224863925788148
2019,October,MS,Ackerman,1.5238095238095235,0.5714285714285714,89.71532976422989,35.19929931640623,0.0071791167887949
2019,November,MS,Ackerman,0.6666666666666666,3.0,79.11815830775669,28.45668631417408,0.0317894669213364
2019,December,MS,Ackerman,0.8095238095238095,11.761904761904765,72.0833743722098,19.87483380998881,0.0087584695857116
2020,January,MS,Ackerman,0.4761904761904761,15.095238095238097,68.53057373046875,17.01578578404016,0.0237989536106825
2020,February,MS,Ackerman,0.8095238095238095,8.333333333333334,72.94217825753346,21.173574741908467,0.0157905101265791
2020,March,MS,Ackerman,0.5238095238095238,3.095238095238096,77.94994803292408,27.16533761160712,0.0375396342435177
2020,April,MS,Ackerman,0.6190476190476191,0.2857142857142857,84.35731584821426,36.96042602539061,0.0279601814182417
2020,May,MS,Ackerman,0.8571428571428571,0.0,92.81971296037943,47.43947875976559,0.0308631825473547
2020,June,MS,Ackerman,0.7619047619047619,0.0,97.7019273158482,56.53485839843748,0.0365185722599735
2020,July,MS,Ackerman,0.5238095238095238,0.0,98.5299093191964,64.78609828404016,0.0747274740069104
2020,August,MS,Ackerman,0.5714285714285714,0.0,99.69671229771204,62.61502458844864,0.0312360375747835
2020,September,MS,Ackerman,0.8095238095238095,0.0,96.1542204938616,53.64742117745533,0.0256279986186055
2020,October,MS,Ackerman,1.1428571428571428,0.1904761904761904,90.02205235072543,35.81377511160712,0.0107704448222059
2020,November,MS,Ackerman,0.9047619047619048,3.4761904761904763,78.99718314034594,26.668449532645063,0.0119310704230699
2020,December,MS,Ackerman,0.8571428571428571,10.80952380952381,72.29867501395088,19.765752650669626,0.0189018995507304
2021,January,MS,Ackerman,0.4761904761904761,13.095238095238097,70.84207362583703,15.348176269531228,0.0345601981778424
2021,February,MS,Ackerman,0.7142857142857143,10.761904761904765,71.60698102678569,18.70550920758926,0.032625659222933
2021,March,MS,Ackerman,0.5238095238095238,3.7142857142857135,79.36113664899551,26.426933419363824,0.0183335662863657
2021,April,MS,Ackerman,0.5238095238095238,0.0952380952380952,84.80003086635041,37.457667236328106,0.0393267811097018
2021,May,MS,Ackerman,0.5238095238095238,0.0,90.8351557268415,47.85076503208702,0.0472313988796867
2021,June,MS,Ackerman,0.9047619047619048,0.0,97.051834891183,57.82522356305801,0.0260337957759581
2021,July,MS,Ackerman,0.3333333333333333,0.0,100.8114557756696,65.84159144810266,0.0630908588789928
2021,August,MS,Ackerman,0.6666666666666666,0.0,99.7247771344866,64.2833272879464,0.0257783485082461
2021,September,MS,Ackerman,0.6666666666666666,0.0,97.31314470563612,55.06391200474327,0.0218613020118982
2021,October,MS,Ackerman,1.1904761904761905,0.5238095238095238,87.62244995117184,35.41689400809149,0.0147746693172949
2021,November,MS,Ackerman,0.5714285714285714,3.333333333333333,78.99675938197542,24.58445033482141,0.0330442533619017
2021,December,MS,Ackerman,0.9523809523809524,11.904761904761903,71.870234375,16.91537466866627,0.0164976490226614
2022,January,MS,Ackerman,0.5238095238095238,14.476190476190476,68.28391758510043,16.96631591796873,0.0332570698047952
2022,February,MS,Ackerman,0.3809523809523809,9.571428571428571,71.89510271344864,21.21343941824775,0.0405066880723509
2022,March,MS,Ackerman,0.6190476190476191,4.476190476190476,78.09300571986606,26.819550781249973,0.0404996947558648
2022,April,MS,Ackerman,0.6190476190476191,0.1904761904761904,84.22402814592631,36.122849295479895,0.050652461245382
2022,May,MS,Ackerman,0.7142857142857143,0.0,91.33931832449775,47.32552699497766,0.0237327774300347
2022,June,MS,Ackerman,0.6190476190476191,0.0,98.16628801618302,58.5407474190848,0.0427192449923013
2022,July,MS,Ackerman,0.2857142857142857,0.0,98.4114453125,64.35421003069195,0.0752184399734831
2022,August,MS,Ackerman,0.4285714285714285,0.0,99.3402556501116,65.71797956194195,0.0373346337612543
2022,September,MS,Ackerman,0.8095238095238095,0.0,96.0637454659598,50.8273223005022,0.0309976006615374
2022,October,MS,Ackerman,1.238095238095238,0.1904761904761904,88.22599696568078,36.40474539620534,0.0073265594982831
2022,November,MS,Ackerman,0.7619047619047619,3.142857142857143,79.12584873744419,25.51647809709819,0.0204262381840917
2022,December,MS,Ackerman,0.7142857142857143,9.38095238095238,72.74986258370532,20.284563685825876,0.0174312909765472
