Year,Month,State,City,AVG_Precip_Percentile
2006,January,MD,Adelphi,0.008978376814786042
2006,February,MD,Adelphi,0.011565272977336805
2006,March,MD,Adelphi,0.01039275199449747
2006,April,MD,Adelphi,0.019989616382322918
2006,May,MD,Adelphi,0.04486625923462688
2006,June,MD,Adelphi,0.040357745540576084
2006,July,MD,Adelphi,0.03863858873608067
2006,August,MD,Adelphi,0.0314444807095902
2006,September,MD,Adelphi,0.028156338499874645
2006,October,MD,Adelphi,0.022044125553940353
2006,November,MD,Adelphi,0.009965854713274018
2006,December,MD,Adelphi,0.018083145171160313
2007,January,MD,Adelphi,0.012913366461523518
2007,February,MD,Adelphi,0.006304801019297169
2007,March,MD,Adelphi,0.011079387700990437
2007,April,MD,Adelphi,0.015497438448517201
2007,May,MD,Adelphi,0.03577422683263595
2007,June,MD,Adelphi,0.041764305758669296
2007,July,MD,Adelphi,0.048919204425818895
2007,August,MD,Adelphi,0.038830940240146224
2007,September,MD,Adelphi,0.01562455147580676
2007,October,MD,Adelphi,0.01685763042139398
2007,November,MD,Adelphi,0.01716382362466761
2007,December,MD,Adelphi,0.016853773413704372
2008,January,MD,Adelphi,0.011574053099540899
2008,February,MD,Adelphi,0.00860019883559506
2008,March,MD,Adelphi,0.01956584895271694
2008,April,MD,Adelphi,0.02529517055198216
2008,May,MD,Adelphi,0.04595066261710468
2008,June,MD,Adelphi,0.04418587255874521
2008,July,MD,Adelphi,0.04188109213694264
2008,August,MD,Adelphi,0.04426240694475506
2008,September,MD,Adelphi,0.023280801128232217
2008,October,MD,Adelphi,0.02110987811137399
2008,November,MD,Adelphi,0.01863496730006507
2008,December,MD,Adelphi,0.021437334903062953
2009,January,MD,Adelphi,0.014044249052047224
2009,February,MD,Adelphi,0.011902765195715644
2009,March,MD,Adelphi,0.010485367626358575
2009,April,MD,Adelphi,0.020824590064167783
2009,May,MD,Adelphi,0.04176808949551169
2009,June,MD,Adelphi,0.03529828721462474
2009,July,MD,Adelphi,0.03354430860803061
2009,August,MD,Adelphi,0.04017405984723871
2009,September,MD,Adelphi,0.013053894900766506
2009,October,MD,Adelphi,0.0173652507288471
2009,November,MD,Adelphi,0.01829073529942863
2009,December,MD,Adelphi,0.014665532438718978
2010,January,MD,Adelphi,0.009057834841913614
2010,February,MD,Adelphi,0.008917714959404629
2010,March,MD,Adelphi,0.012431049884133294
2010,April,MD,Adelphi,0.03343114923682541
2010,May,MD,Adelphi,0.05797120865449394
2010,June,MD,Adelphi,0.03408896259034613
2010,July,MD,Adelphi,0.04116814000444392
2010,August,MD,Adelphi,0.028920239912246008
2010,September,MD,Adelphi,0.026101084003807132
2010,October,MD,Adelphi,0.01690399506303178
2010,November,MD,Adelphi,0.0236414987103069
2010,December,MD,Adelphi,0.018252140230546526
2011,January,MD,Adelphi,0.008431021171681177
2011,February,MD,Adelphi,0.011195968203398497
2011,March,MD,Adelphi,0.014985001132431838
2011,April,MD,Adelphi,0.022133313786316874
2011,May,MD,Adelphi,0.03270853296017809
2011,June,MD,Adelphi,0.03591918438162832
2011,July,MD,Adelphi,0.033758608857513486
2011,August,MD,Adelphi,0.03420733730661153
2011,September,MD,Adelphi,0.02548496147331873
2011,October,MD,Adelphi,0.018856631637703875
2011,November,MD,Adelphi,0.013290791053674459
2011,December,MD,Adelphi,0.014097469803857302
2012,January,MD,Adelphi,0.00835365637256972
2012,February,MD,Adelphi,0.01238541253524121
2012,March,MD,Adelphi,0.01467524178470311
2012,April,MD,Adelphi,0.0227160627569616
2012,May,MD,Adelphi,0.04319920074517484
2012,June,MD,Adelphi,0.032130933887517234
2012,July,MD,Adelphi,0.04204679392196023
2012,August,MD,Adelphi,0.05441988121985776
2012,September,MD,Adelphi,0.024903896104593298
2012,October,MD,Adelphi,0.017730037851290674
2012,November,MD,Adelphi,0.018411704258534837
2012,December,MD,Adelphi,0.020258643621647823
2013,January,MD,Adelphi,0.009967165192162527
2013,February,MD,Adelphi,0.008394435099610504
2013,March,MD,Adelphi,0.012695312530724352
2013,April,MD,Adelphi,0.01608132814256517
2013,May,MD,Adelphi,0.03947740541067521
2013,June,MD,Adelphi,0.022601222726922693
2013,July,MD,Adelphi,0.04363121502316835
2013,August,MD,Adelphi,0.03509820804163373
2013,September,MD,Adelphi,0.029000009044108356
2013,October,MD,Adelphi,0.022773369785375603
2013,November,MD,Adelphi,0.019033221038785526
2013,December,MD,Adelphi,0.024207701556481078
2014,January,MD,Adelphi,0.00813563840850071
2014,February,MD,Adelphi,0.007231012367293098
2014,March,MD,Adelphi,0.013056136845744875
2014,April,MD,Adelphi,0.019423529473896334
2014,May,MD,Adelphi,0.04961139614273077
2014,June,MD,Adelphi,0.021607014585417156
2014,July,MD,Adelphi,0.03425187856868276
2014,August,MD,Adelphi,0.03919998883025897
2014,September,MD,Adelphi,0.02760928621686048
2014,October,MD,Adelphi,0.0157642863036819
2014,November,MD,Adelphi,0.012881173287035096
2014,December,MD,Adelphi,0.016525034300472866
2015,January,MD,Adelphi,0.006224337466841804
2015,February,MD,Adelphi,0.008712793866360872
2015,March,MD,Adelphi,0.015719218432429214
2015,April,MD,Adelphi,0.025152480329258035
2015,May,MD,Adelphi,0.04222118660752147
2015,June,MD,Adelphi,0.03769516674058141
2015,July,MD,Adelphi,0.046515612453758196
2015,August,MD,Adelphi,0.044773633761117475
2015,September,MD,Adelphi,0.01930043158504673
2015,October,MD,Adelphi,0.012304791174872872
2015,November,MD,Adelphi,0.010477446312557953
2015,December,MD,Adelphi,0.02277158461297875
2016,January,MD,Adelphi,0.007880115553612153
2016,February,MD,Adelphi,0.0065568452500208525
2016,March,MD,Adelphi,0.018066327633687457
2016,April,MD,Adelphi,0.01781411566909648
2016,May,MD,Adelphi,0.04759365657680424
2016,June,MD,Adelphi,0.04059834298968944
2016,July,MD,Adelphi,0.058074960774927756
2016,August,MD,Adelphi,0.04316448285239823
2016,September,MD,Adelphi,0.02059789984643443
2016,October,MD,Adelphi,0.023122593999233033
2016,November,MD,Adelphi,0.02045435380888972
2016,December,MD,Adelphi,0.02523423486836057
2017,January,MD,Adelphi,0.004827084343973586
2017,February,MD,Adelphi,0.011133216666032826
2017,March,MD,Adelphi,0.012484859631432426
2017,April,MD,Adelphi,0.027450886437106553
2017,May,MD,Adelphi,0.039628206247294115
2017,June,MD,Adelphi,0.03076103191837784
2017,July,MD,Adelphi,0.048960446058488025
2017,August,MD,Adelphi,0.04591413784212514
2017,September,MD,Adelphi,0.03142811974213423
2017,October,MD,Adelphi,0.013940563220311222
2017,November,MD,Adelphi,0.015876801593041882
2017,December,MD,Adelphi,0.018022591579664952
2018,January,MD,Adelphi,0.009550368460429236
2018,February,MD,Adelphi,0.009368227415289738
2018,March,MD,Adelphi,0.011180536803564503
2018,April,MD,Adelphi,0.024223415700563782
2018,May,MD,Adelphi,0.03639643649726868
2018,June,MD,Adelphi,0.019735555679750348
2018,July,MD,Adelphi,0.054997492380792753
2018,August,MD,Adelphi,0.025139896232164078
2018,September,MD,Adelphi,0.02073555768368958
2018,October,MD,Adelphi,0.009486407984296697
2018,November,MD,Adelphi,0.02081653598939734
2018,December,MD,Adelphi,0.018053888773990414
2019,January,MD,Adelphi,0.007594005504915452
2019,February,MD,Adelphi,0.01522744779975458
2019,March,MD,Adelphi,0.012172001989870732
2019,April,MD,Adelphi,0.024829951713897284
2019,May,MD,Adelphi,0.04497624629189299
2019,June,MD,Adelphi,0.03289635968673258
2019,July,MD,Adelphi,0.037032145363675814
2019,August,MD,Adelphi,0.03694669517802184
2019,September,MD,Adelphi,0.020698352207554303
2019,October,MD,Adelphi,0.012649447906050265
2019,November,MD,Adelphi,0.013231003015756875
2019,December,MD,Adelphi,0.017369506061167588
2020,January,MD,Adelphi,0.006806144405810015
2020,February,MD,Adelphi,0.009760830453549214
2020,March,MD,Adelphi,0.014420642367554774
2020,April,MD,Adelphi,0.023337419295934227
2020,May,MD,Adelphi,0.04195272728862043
2020,June,MD,Adelphi,0.036591089794376114
2020,July,MD,Adelphi,0.04348104163968053
2020,August,MD,Adelphi,0.0456638717878377
2020,September,MD,Adelphi,0.019733638902785972
2020,October,MD,Adelphi,0.015106108253272067
2020,November,MD,Adelphi,0.015363041735977653
2020,December,MD,Adelphi,0.021508069884597587
2021,January,MD,Adelphi,0.016907223561031654
2021,February,MD,Adelphi,0.007742816827756786
2021,March,MD,Adelphi,0.010798619802808716
2021,April,MD,Adelphi,0.020231317111171567
2021,May,MD,Adelphi,0.05419349626240941
2021,June,MD,Adelphi,0.035672530480149456
2021,July,MD,Adelphi,0.04366939027859312
2021,August,MD,Adelphi,0.040451353744850656
2021,September,MD,Adelphi,0.018432038376294504
2021,October,MD,Adelphi,0.01593395227609403
2021,November,MD,Adelphi,0.022160455599577227
2021,December,MD,Adelphi,0.016109609893715394
2022,January,MD,Adelphi,0.011765932444457769
2022,February,MD,Adelphi,0.01394224101533
2022,March,MD,Adelphi,0.016659251889488757
2022,April,MD,Adelphi,0.029502369679376625
2022,May,MD,Adelphi,0.0368589358039908
2022,June,MD,Adelphi,0.0563284892061147
2022,July,MD,Adelphi,0.05235544274181939
2022,August,MD,Adelphi,0.03835975909246817
2022,September,MD,Adelphi,0.016839525701115337
2022,October,MD,Adelphi,0.010049081375533335
2022,November,MD,Adelphi,0.016771098593301854
2022,December,MD,Adelphi,0.02029498427689328
2023,January,MD,Adelphi,0.01133563572687536
2023,February,MD,Adelphi,0.009181178168017548
2023,March,MD,Adelphi,0.018177340584959983
2023,April,MD,Adelphi,0.018858798674054017
2023,May,MD,Adelphi,0.041456509658646695
2023,June,MD,Adelphi,0.041154347195029625
2006,January,CA,Albany,0.024287726819801424
2006,February,CA,Albany,0.05499589922843805
2006,March,CA,Albany,0.016353121133666167
2006,April,CA,Albany,0.008491522472730105
2006,May,CA,Albany,0.0006901339377049874
2006,June,CA,Albany,0.0
2006,July,CA,Albany,0.0
2006,August,CA,Albany,0.0
2006,September,CA,Albany,0.0
2006,October,CA,Albany,0.002200738067120427
2006,November,CA,Albany,0.014334429751062432
2006,December,CA,Albany,0.01538134938860439
2007,January,CA,Albany,0.019000931474611217
2007,February,CA,Albany,0.04038196562643649
2007,March,CA,Albany,0.02189837329817741
2007,April,CA,Albany,0.008473982660877458
2007,May,CA,Albany,0.00014271129318558197
2007,June,CA,Albany,0.0
2007,July,CA,Albany,0.0
2007,August,CA,Albany,0.0
2007,September,CA,Albany,0.0
2007,October,CA,Albany,0.0028706233664598374
2007,November,CA,Albany,0.013603637658629203
2007,December,CA,Albany,0.018841308286818743
2008,January,CA,Albany,0.038094491753538795
2008,February,CA,Albany,0.056917216789352035
2008,March,CA,Albany,0.027830190417223327
2008,April,CA,Albany,0.007579156968530752
2008,May,CA,Albany,1.9096171105596046e-05
2008,June,CA,Albany,0.0
2008,July,CA,Albany,0.0
2008,August,CA,Albany,0.0
2008,September,CA,Albany,0.0
2008,October,CA,Albany,0.006157179918424064
2008,November,CA,Albany,0.01740917297284868
2008,December,CA,Albany,0.025851396270946438
2009,January,CA,Albany,0.03692144143250637
2009,February,CA,Albany,0.04076290751245416
2009,March,CA,Albany,0.016952681746692806
2009,April,CA,Albany,0.00872805592073033
2009,May,CA,Albany,0.0002032320930937324
2009,June,CA,Albany,0.0
2009,July,CA,Albany,0.0
2009,August,CA,Albany,0.0
2009,September,CA,Albany,0.0
2009,October,CA,Albany,0.0009554552163711811
2009,November,CA,Albany,0.01578392136689504
2009,December,CA,Albany,0.04780481172477606
2010,January,CA,Albany,0.0501908651707228
2010,February,CA,Albany,0.03304591701652865
2010,March,CA,Albany,0.02018541529574757
2010,April,CA,Albany,0.00531225662478108
2010,May,CA,Albany,0.00015182371200959022
2010,June,CA,Albany,0.0
2010,July,CA,Albany,0.0
2010,August,CA,Albany,0.0
2010,September,CA,Albany,0.0
2010,October,CA,Albany,0.004225499498053151
2010,November,CA,Albany,0.015471563763157767
2010,December,CA,Albany,0.03225673131224178
2011,January,CA,Albany,0.023029586938570296
2011,February,CA,Albany,0.02936560199624961
2011,March,CA,Albany,0.019128443301004758
2011,April,CA,Albany,0.003710919918062711
2011,May,CA,Albany,0.0002475179676428062
2011,June,CA,Albany,0.0
2011,July,CA,Albany,0.0
2011,August,CA,Albany,0.0
2011,September,CA,Albany,0.0
2011,October,CA,Albany,0.0015468055232081299
2011,November,CA,Albany,0.008794823717259263
2011,December,CA,Albany,0.03072837766824831
2012,January,CA,Albany,0.04044661072409835
2012,February,CA,Albany,0.02864842913286349
2012,March,CA,Albany,0.033921119623590436
2012,April,CA,Albany,0.007505566075403414
2012,May,CA,Albany,0.00014041848348195535
2012,June,CA,Albany,0.0
2012,July,CA,Albany,0.0
2012,August,CA,Albany,0.0
2012,September,CA,Albany,0.0
2012,October,CA,Albany,0.0034447755712766707
2012,November,CA,Albany,0.016966481607600344
2012,December,CA,Albany,0.02071869309569126
2013,January,CA,Albany,0.02906735890864637
2013,February,CA,Albany,0.016671324333662453
2013,March,CA,Albany,0.02087884900082304
2013,April,CA,Albany,0.008759903800222554
2013,May,CA,Albany,0.0003645861639496287
2013,June,CA,Albany,0.0
2013,July,CA,Albany,0.0
2013,August,CA,Albany,0.0
2013,September,CA,Albany,0.0
2013,October,CA,Albany,0.0025273011672814144
2013,November,CA,Albany,0.015432608341160484
2013,December,CA,Albany,0.0304649280084465
2014,January,CA,Albany,0.04926940623237827
2014,February,CA,Albany,0.03249590392006182
2014,March,CA,Albany,0.02070636495050939
2014,April,CA,Albany,0.013423941896520882
2014,May,CA,Albany,0.00014468119818960418
2014,June,CA,Albany,0.0
2014,July,CA,Albany,0.0
2014,August,CA,Albany,0.0
2014,September,CA,Albany,0.0
2014,October,CA,Albany,0.0012797734303384716
2014,November,CA,Albany,0.017379786869291414
2014,December,CA,Albany,0.03772146435886463
2015,January,CA,Albany,0.04640825804144226
2015,February,CA,Albany,0.02900142490465302
2015,March,CA,Albany,0.015811296355344333
2015,April,CA,Albany,0.0057078769550496
2015,May,CA,Albany,7.227634237337353e-05
2015,June,CA,Albany,0.0
2015,July,CA,Albany,0.0
2015,August,CA,Albany,0.0
2015,September,CA,Albany,0.0
2015,October,CA,Albany,0.0001983080925028885
2015,November,CA,Albany,0.00483862207853886
2015,December,CA,Albany,0.01798232878529758
2016,January,CA,Albany,0.08085391002275671
2016,February,CA,Albany,0.04324188508338057
2016,March,CA,Albany,0.024658649462431386
2016,April,CA,Albany,0.01349541230129638
2016,May,CA,Albany,0.0003866274560796709
2016,June,CA,Albany,0.0
2016,July,CA,Albany,0.0
2016,August,CA,Albany,0.0
2016,September,CA,Albany,0.0
2016,October,CA,Albany,0.0027318546153151228
2016,November,CA,Albany,0.01530388342457622
2016,December,CA,Albany,0.027382866371683863
2017,January,CA,Albany,0.05766073142809532
2017,February,CA,Albany,0.03783139242939848
2017,March,CA,Albany,0.038412620034548435
2017,April,CA,Albany,0.006605333830370844
2017,May,CA,Albany,5.686831141876418e-05
2017,June,CA,Albany,0.0
2017,July,CA,Albany,0.0
2017,August,CA,Albany,0.0
2017,September,CA,Albany,0.0
2017,October,CA,Albany,0.00366262213603699
2017,November,CA,Albany,0.010483882539353572
2017,December,CA,Albany,0.039338003124856954
2018,January,CA,Albany,0.06019014525521008
2018,February,CA,Albany,0.04379380031058379
2018,March,CA,Albany,0.017944122661786327
2018,April,CA,Albany,0.0020639709975858282
2018,May,CA,Albany,0.00042192521167322227
2018,June,CA,Albany,0.0
2018,July,CA,Albany,0.0
2018,August,CA,Albany,0.0
2018,September,CA,Albany,0.0
2018,October,CA,Albany,0.0019192767683621542
2018,November,CA,Albany,0.013351229538685302
2018,December,CA,Albany,0.025504251314188462
2019,January,CA,Albany,0.05054574315041367
2019,February,CA,Albany,0.05289955083836862
2019,March,CA,Albany,0.018871044679280753
2019,April,CA,Albany,0.007922230957995425
2019,May,CA,Albany,0.0002151594319403507
2019,June,CA,Albany,0.0
2019,July,CA,Albany,0.0
2019,August,CA,Albany,0.0
2019,September,CA,Albany,0.0
2019,October,CA,Albany,0.005297799831834967
2019,November,CA,Albany,0.012877073714538102
2019,December,CA,Albany,0.014858079707107166
2020,January,CA,Albany,0.02135040182178491
2020,February,CA,Albany,0.05440969008715063
2020,March,CA,Albany,0.016608504976279463
2020,April,CA,Albany,0.0026398427408400606
2020,May,CA,Albany,0.00020002811462087403
2020,June,CA,Albany,0.0
2020,July,CA,Albany,0.0
2020,August,CA,Albany,0.0
2020,September,CA,Albany,0.0
2020,October,CA,Albany,0.0018374491408356681
2020,November,CA,Albany,0.015128540306373492
2020,December,CA,Albany,0.03614005859638436
2021,January,CA,Albany,0.036298087320906766
2021,February,CA,Albany,0.02155316963906176
2021,March,CA,Albany,0.019127858483123344
2021,April,CA,Albany,0.002376589978169028
2021,May,CA,Albany,0.00014196611922030424
2021,June,CA,Albany,0.0
2021,July,CA,Albany,0.0
2021,August,CA,Albany,0.0
2021,September,CA,Albany,0.0
2021,October,CA,Albany,0.0018046804992402103
2021,November,CA,Albany,0.027178876344779928
2021,December,CA,Albany,0.01705708548472115
2022,January,CA,Albany,0.05562054338435652
2022,February,CA,Albany,0.03493887656186233
2022,March,CA,Albany,0.011738872412923913
2022,April,CA,Albany,0.007861016128776313
2022,May,CA,Albany,8.400785992605355e-05
2022,June,CA,Albany,0.0
2022,July,CA,Albany,0.0
2022,August,CA,Albany,0.0
2022,September,CA,Albany,0.0
2022,October,CA,Albany,0.0016971168618370844
2022,November,CA,Albany,0.016749330145074515
2022,December,CA,Albany,0.04953321166701825
2023,January,CA,Albany,0.07866619392033518
2023,February,CA,Albany,0.03032343387573458
2023,March,CA,Albany,0.011266686013552954
2023,April,CA,Albany,0.004574334994424935
2023,May,CA,Albany,0.0001177978007062162
2023,June,CA,Albany,0.0
2006,January,FL,Alachua,0.025237339348471118
2006,February,FL,Alachua,0.02909497115810516
2006,March,FL,Alachua,0.008301427169703833
2006,April,FL,Alachua,0.01676484444994792
2006,May,FL,Alachua,0.04094181671353695
2006,June,FL,Alachua,0.08016460991930871
2006,July,FL,Alachua,0.08409129094523121
2006,August,FL,Alachua,0.09536239788106708
2006,September,FL,Alachua,0.07814028864979512
2006,October,FL,Alachua,0.014868368187653871
2006,November,FL,Alachua,0.008070756783838387
2006,December,FL,Alachua,0.011459007379800499
2007,January,FL,Alachua,0.008917403207844177
2007,February,FL,Alachua,0.023133957736253027
2007,March,FL,Alachua,0.02358413373459914
2007,April,FL,Alachua,0.015261091547573744
2007,May,FL,Alachua,0.012695038497617682
2007,June,FL,Alachua,0.07137973952676506
2007,July,FL,Alachua,0.13853171698228403
2007,August,FL,Alachua,0.08940917789201167
2007,September,FL,Alachua,0.06562891118212089
2007,October,FL,Alachua,0.018484730583769173
2007,November,FL,Alachua,0.008374037817942536
2007,December,FL,Alachua,0.008519760487760987
2008,January,FL,Alachua,0.01988795917084632
2008,February,FL,Alachua,0.0189623271999726
2008,March,FL,Alachua,0.01730828612902477
2008,April,FL,Alachua,0.02660653361896393
2008,May,FL,Alachua,0.020291742893021058
2008,June,FL,Alachua,0.07058408305381038
2008,July,FL,Alachua,0.10276025532998478
2008,August,FL,Alachua,0.08144121947091339
2008,September,FL,Alachua,0.058629186959495705
2008,October,FL,Alachua,0.01838750237241536
2008,November,FL,Alachua,0.01586173889046059
2008,December,FL,Alachua,0.0155050462705431
2009,January,FL,Alachua,0.0171393740284842
2009,February,FL,Alachua,0.021838351796761572
2009,March,FL,Alachua,0.026048700273481797
2009,April,FL,Alachua,0.01612234208856838
2009,May,FL,Alachua,0.0242999769430749
2009,June,FL,Alachua,0.06596415720396609
2009,July,FL,Alachua,0.13934768006736958
2009,August,FL,Alachua,0.10421415397080755
2009,September,FL,Alachua,0.07842853071072786
2009,October,FL,Alachua,0.00868961205540634
2009,November,FL,Alachua,0.009840152440116642
2009,December,FL,Alachua,0.005330484100085219
2010,January,FL,Alachua,0.0323373831623266
2010,February,FL,Alachua,0.01973585502192569
2010,March,FL,Alachua,0.019299456072660443
2010,April,FL,Alachua,0.01624619384799475
2010,May,FL,Alachua,0.03444075712571599
2010,June,FL,Alachua,0.07260603415724033
2010,July,FL,Alachua,0.08359727891772532
2010,August,FL,Alachua,0.10526822872401256
2010,September,FL,Alachua,0.06285069035759398
2010,October,FL,Alachua,0.010771033121091329
2010,November,FL,Alachua,0.007804654258878441
2010,December,FL,Alachua,0.010187190854787875
2011,January,FL,Alachua,0.012940004897376622
2011,February,FL,Alachua,0.014656530115782385
2011,March,FL,Alachua,0.014855201157910638
2011,April,FL,Alachua,0.009809050689002846
2011,May,FL,Alachua,0.028709860411555117
2011,June,FL,Alachua,0.08887910247419353
2011,July,FL,Alachua,0.11736210663810777
2011,August,FL,Alachua,0.07873466399285359
2011,September,FL,Alachua,0.05718453649003553
2011,October,FL,Alachua,0.019078044564158344
2011,November,FL,Alachua,0.006540891191159438
2011,December,FL,Alachua,0.0053833006074283755
2012,January,FL,Alachua,0.02200042691308602
2012,February,FL,Alachua,0.013902052444784319
2012,March,FL,Alachua,0.012714375422533866
2012,April,FL,Alachua,0.016398673294926266
2012,May,FL,Alachua,0.02103888900676356
2012,June,FL,Alachua,0.07547177195615011
2012,July,FL,Alachua,0.09431564245988218
2012,August,FL,Alachua,0.125795068258041
2012,September,FL,Alachua,0.05794075126547813
2012,October,FL,Alachua,0.015599978353183427
2012,November,FL,Alachua,0.015048543802050578
2012,December,FL,Alachua,0.010865453597424284
2013,January,FL,Alachua,0.017106052879791302
2013,February,FL,Alachua,0.014315818039475459
2013,March,FL,Alachua,0.00929347535512586
2013,April,FL,Alachua,0.0333311532917848
2013,May,FL,Alachua,0.022129774804943454
2013,June,FL,Alachua,0.09893735241722038
2013,July,FL,Alachua,0.0902562682864572
2013,August,FL,Alachua,0.08798900388559462
2013,September,FL,Alachua,0.07298736595714098
2013,October,FL,Alachua,0.017427663614990974
2013,November,FL,Alachua,0.00887625594612031
2013,December,FL,Alachua,0.01878599418125286
2014,January,FL,Alachua,0.010227950959118985
2014,February,FL,Alachua,0.01903849590677
2014,March,FL,Alachua,0.0262377816807151
2014,April,FL,Alachua,0.01028728037605286
2014,May,FL,Alachua,0.025096110056345093
2014,June,FL,Alachua,0.10668438797323702
2014,July,FL,Alachua,0.09604374264906507
2014,August,FL,Alachua,0.09480849025641772
2014,September,FL,Alachua,0.08054611944262013
2014,October,FL,Alachua,0.026869553148899245
2014,November,FL,Alachua,0.01826424432256542
2014,December,FL,Alachua,0.011482174771836778
2015,January,FL,Alachua,0.006775358836782357
2015,February,FL,Alachua,0.030743253811688014
2015,March,FL,Alachua,0.015816882677947935
2015,April,FL,Alachua,0.023404907586633664
2015,May,FL,Alachua,0.03467456856784242
2015,June,FL,Alachua,0.08753997086332001
2015,July,FL,Alachua,0.13757078428841765
2015,August,FL,Alachua,0.12095823066680471
2015,September,FL,Alachua,0.07005657280390379
2015,October,FL,Alachua,0.01920827993062252
2015,November,FL,Alachua,0.009528176131914446
2015,December,FL,Alachua,0.01997445663632446
2016,January,FL,Alachua,0.027800680649689363
2016,February,FL,Alachua,0.010409588544559359
2016,March,FL,Alachua,0.01903926322271756
2016,April,FL,Alachua,0.01063577272651251
2016,May,FL,Alachua,0.018502656217929552
2016,June,FL,Alachua,0.09049456055475044
2016,July,FL,Alachua,0.11269546842027856
2016,August,FL,Alachua,0.11527542075037767
2016,September,FL,Alachua,0.040558418250647085
2016,October,FL,Alachua,0.027040948795317203
2016,November,FL,Alachua,0.011510412038759668
2016,December,FL,Alachua,0.013471665093343785
2017,January,FL,Alachua,0.014533372035027322
2017,February,FL,Alachua,0.02045175735855489
2017,March,FL,Alachua,0.024527301354392295
2017,April,FL,Alachua,0.016469656995895157
2017,May,FL,Alachua,0.01384844283536221
2017,June,FL,Alachua,0.09105860112944689
2017,July,FL,Alachua,0.12174646509481449
2017,August,FL,Alachua,0.12259846493296424
2017,September,FL,Alachua,0.05673033589227303
2017,October,FL,Alachua,0.020167661985384715
2017,November,FL,Alachua,0.01707780069904795
2017,December,FL,Alachua,0.013951008813318202
2018,January,FL,Alachua,0.017022636615605023
2018,February,FL,Alachua,0.013537475121744696
2018,March,FL,Alachua,0.009162281167427802
2018,April,FL,Alachua,0.014132372054323892
2018,May,FL,Alachua,0.03447679777124359
2018,June,FL,Alachua,0.09941818401809537
2018,July,FL,Alachua,0.09308994448811135
2018,August,FL,Alachua,0.06599165086305901
2018,September,FL,Alachua,0.06970015784023752
2018,October,FL,Alachua,0.016374459369447408
2018,November,FL,Alachua,0.010989840438642809
2018,December,FL,Alachua,0.012607686748062992
2019,January,FL,Alachua,0.025396763653481584
2019,February,FL,Alachua,0.021189196130091743
2019,March,FL,Alachua,0.022015245373947098
2019,April,FL,Alachua,0.029471224651366697
2019,May,FL,Alachua,0.030471691745409594
2019,June,FL,Alachua,0.08746354578567005
2019,July,FL,Alachua,0.11097412190140256
2019,August,FL,Alachua,0.12602994178332225
2019,September,FL,Alachua,0.08867997544528487
2019,October,FL,Alachua,0.016965258857609095
2019,November,FL,Alachua,0.016177680280909573
2019,December,FL,Alachua,0.017070747403435588
2020,January,FL,Alachua,0.01412073692473069
2020,February,FL,Alachua,0.023514548035110865
2020,March,FL,Alachua,0.009831529586324566
2020,April,FL,Alachua,0.013202945091035364
2020,May,FL,Alachua,0.02332613538577701
2020,June,FL,Alachua,0.0983955071085135
2020,July,FL,Alachua,0.11016660252011395
2020,August,FL,Alachua,0.09939247015624347
2020,September,FL,Alachua,0.07236702579537797
2020,October,FL,Alachua,0.02268733335180303
2020,November,FL,Alachua,0.005635444684960043
2020,December,FL,Alachua,0.013329310801030265
2021,January,FL,Alachua,0.010897839624944337
2021,February,FL,Alachua,0.01498269038511281
2021,March,FL,Alachua,0.00591580863360203
2021,April,FL,Alachua,0.011181278089094651
2021,May,FL,Alachua,0.033332035639118365
2021,June,FL,Alachua,0.10819075286817721
2021,July,FL,Alachua,0.13599726287658556
2021,August,FL,Alachua,0.0749269267781499
2021,September,FL,Alachua,0.06743328882307821
2021,October,FL,Alachua,0.02372786156698849
2021,November,FL,Alachua,0.014636398064291947
2021,December,FL,Alachua,0.005593163563148241
2022,January,FL,Alachua,0.01626530371566279
2022,February,FL,Alachua,0.023988284508476745
2022,March,FL,Alachua,0.008977083059276119
2022,April,FL,Alachua,0.013081064467969986
2022,May,FL,Alachua,0.02319927566267272
2022,June,FL,Alachua,0.05796212512961455
2022,July,FL,Alachua,0.12108272147086381
2022,August,FL,Alachua,0.09670127329372835
2022,September,FL,Alachua,0.09004267066057141
2022,October,FL,Alachua,0.011500647765536184
2022,November,FL,Alachua,0.006682300189182424
2022,December,FL,Alachua,0.013194456348835759
2023,January,FL,Alachua,0.02070068491874837
2023,February,FL,Alachua,0.01497839442966542
2023,March,FL,Alachua,0.015861840457629218
2023,April,FL,Alachua,0.012846466623934833
2023,May,FL,Alachua,0.02316710371315884
2023,June,FL,Alachua,0.0994456711813091
2006,January,MS,Ackerman,0.02021839811893338
2006,February,MS,Ackerman,0.03550821873904536
2006,March,MS,Ackerman,0.025910135224085463
2006,April,MS,Ackerman,0.05026744422611668
2006,May,MS,Ackerman,0.06879143567818807
2006,June,MS,Ackerman,0.03696519165339229
2006,July,MS,Ackerman,0.035388945595152946
2006,August,MS,Ackerman,0.027957366993409075
2006,September,MS,Ackerman,0.02487040520674528
2006,October,MS,Ackerman,0.006182860116279783
2006,November,MS,Ackerman,0.011616949245101163
2006,December,MS,Ackerman,0.010670254326504012
2007,January,MS,Ackerman,0.03956156604461067
2007,February,MS,Ackerman,0.02232697001632051
2007,March,MS,Ackerman,0.03287463479435933
2007,April,MS,Ackerman,0.030731883076693268
2007,May,MS,Ackerman,0.03230484774886311
2007,June,MS,Ackerman,0.03329408219195714
2007,July,MS,Ackerman,0.057818532625644056
2007,August,MS,Ackerman,0.035719407626399684
2007,September,MS,Ackerman,0.01634658886649354
2007,October,MS,Ackerman,0.00931772730808465
2007,November,MS,Ackerman,0.026425629403783464
2007,December,MS,Ackerman,0.017297189291326315
2008,January,MS,Ackerman,0.029937313854397046
2008,February,MS,Ackerman,0.03458234086680264
2008,March,MS,Ackerman,0.03691512050123641
2008,April,MS,Ackerman,0.030430862107318418
2008,May,MS,Ackerman,0.03972618301722638
2008,June,MS,Ackerman,0.03607758330220899
2008,July,MS,Ackerman,0.038851711700684306
2008,August,MS,Ackerman,0.027110196326976532
2008,September,MS,Ackerman,0.017675183241707103
2008,October,MS,Ackerman,0.013330841766045315
2008,November,MS,Ackerman,0.027890828859126617
2008,December,MS,Ackerman,0.032696190826527784
2009,January,MS,Ackerman,0.032307669777925735
2009,February,MS,Ackerman,0.026359019056363397
2009,March,MS,Ackerman,0.031406724995426565
2009,April,MS,Ackerman,0.04243827027333644
2009,May,MS,Ackerman,0.03300669329063709
2009,June,MS,Ackerman,0.04093388081278151
2009,July,MS,Ackerman,0.06537209508216223
2009,August,MS,Ackerman,0.030042668258706745
2009,September,MS,Ackerman,0.021109469169652107
2009,October,MS,Ackerman,0.01248091693085021
2009,November,MS,Ackerman,0.023992733164849157
2009,December,MS,Ackerman,0.015112264680199373
2010,January,MS,Ackerman,0.033721215004334226
2010,February,MS,Ackerman,0.02860319272093782
2010,March,MS,Ackerman,0.03228417193162932
2010,April,MS,Ackerman,0.05101129702463238
2010,May,MS,Ackerman,0.022650661244436487
2010,June,MS,Ackerman,0.04740588254093396
2010,July,MS,Ackerman,0.057476533975951635
2010,August,MS,Ackerman,0.02567259569974714
2010,September,MS,Ackerman,0.02094289456589485
2010,October,MS,Ackerman,0.011212359788037049
2010,November,MS,Ackerman,0.03291301286757815
2010,December,MS,Ackerman,0.02200969609765102
2011,January,MS,Ackerman,0.019163323902664862
2011,February,MS,Ackerman,0.01880155408393751
2011,March,MS,Ackerman,0.03300575610698807
2011,April,MS,Ackerman,0.03740513927217326
2011,May,MS,Ackerman,0.03866439846896027
2011,June,MS,Ackerman,0.02328914983842783
2011,July,MS,Ackerman,0.04719616874356006
2011,August,MS,Ackerman,0.02256781713323886
2011,September,MS,Ackerman,0.029507781470688665
2011,October,MS,Ackerman,0.013648609914775503
2011,November,MS,Ackerman,0.013257118701370932
2011,December,MS,Ackerman,0.006037969169255455
2012,January,MS,Ackerman,0.028916957584999115
2012,February,MS,Ackerman,0.01948677870794003
2012,March,MS,Ackerman,0.020376068022954903
2012,April,MS,Ackerman,0.03689859934206454
2012,May,MS,Ackerman,0.028622045525609548
2012,June,MS,Ackerman,0.04896535539380649
2012,July,MS,Ackerman,0.045880401014710206
2012,August,MS,Ackerman,0.02237499752937367
2012,September,MS,Ackerman,0.02232782018021929
2012,October,MS,Ackerman,0.013249321087801469
2012,November,MS,Ackerman,0.02422974624228791
2012,December,MS,Ackerman,0.013728650383390691
2013,January,MS,Ackerman,0.0320770879801308
2013,February,MS,Ackerman,0.025231155517772767
2013,March,MS,Ackerman,0.028271398242611528
2013,April,MS,Ackerman,0.03697182213879937
2013,May,MS,Ackerman,0.025535926567762622
2013,June,MS,Ackerman,0.03879581484431693
2013,July,MS,Ackerman,0.03018573983695845
2013,August,MS,Ackerman,0.03140832838189853
2013,September,MS,Ackerman,0.035798533635505635
2013,October,MS,Ackerman,0.017732442670887222
2013,November,MS,Ackerman,0.017646699496221118
2013,December,MS,Ackerman,0.02269719625443262
2014,January,MS,Ackerman,0.02305369320325324
2014,February,MS,Ackerman,0.02682213588709719
2014,March,MS,Ackerman,0.031934831963886225
2014,April,MS,Ackerman,0.027659986352603725
2014,May,MS,Ackerman,0.05373781955465001
2014,June,MS,Ackerman,0.05536019525057385
2014,July,MS,Ackerman,0.04765778489333753
2014,August,MS,Ackerman,0.039189731298364235
2014,September,MS,Ackerman,0.030545844590641573
2014,October,MS,Ackerman,0.013018055284515374
2014,November,MS,Ackerman,0.01568754331811823
2014,December,MS,Ackerman,0.02066432709615101
2015,January,MS,Ackerman,0.030116858252104035
2015,February,MS,Ackerman,0.026934397330756803
2015,March,MS,Ackerman,0.028695029571233266
2015,April,MS,Ackerman,0.0403712057204624
2015,May,MS,Ackerman,0.04563314310263954
2015,June,MS,Ackerman,0.04349233801274133
2015,July,MS,Ackerman,0.06585025385375426
2015,August,MS,Ackerman,0.038001878318813305
2015,September,MS,Ackerman,0.02452755510801783
2015,October,MS,Ackerman,0.00903573738931697
2015,November,MS,Ackerman,0.015975947727691692
2015,December,MS,Ackerman,0.019209013979358827
2016,January,MS,Ackerman,0.024203377658049422
2016,February,MS,Ackerman,0.03258508067732501
2016,March,MS,Ackerman,0.028764998958044165
2016,April,MS,Ackerman,0.04135896801133853
2016,May,MS,Ackerman,0.0345192480955162
2016,June,MS,Ackerman,0.0424379732813711
2016,July,MS,Ackerman,0.06037906871152671
2016,August,MS,Ackerman,0.0390471396233298
2016,September,MS,Ackerman,0.016552674754465972
2016,October,MS,Ackerman,0.020298397334284547
2016,November,MS,Ackerman,0.035492860989579524
2016,December,MS,Ackerman,0.009442121378328198
2017,January,MS,Ackerman,0.03305442320633293
2017,February,MS,Ackerman,0.01960631896148743
2017,March,MS,Ackerman,0.030772251011308094
2017,April,MS,Ackerman,0.04744553997667646
2017,May,MS,Ackerman,0.04644355152217414
2017,June,MS,Ackerman,0.028838759538931415
2017,July,MS,Ackerman,0.055220849953248254
2017,August,MS,Ackerman,0.02329350571444767
2017,September,MS,Ackerman,0.021064399693995525
2017,October,MS,Ackerman,0.011795325179129141
2017,November,MS,Ackerman,0.01729559463354816
2017,December,MS,Ackerman,0.01837357372960929
2018,January,MS,Ackerman,0.02647660207814381
2018,February,MS,Ackerman,0.03877916881434068
2018,March,MS,Ackerman,0.022397909853416227
2018,April,MS,Ackerman,0.030577165026955806
2018,May,MS,Ackerman,0.0458976294490564
2018,June,MS,Ackerman,0.04237286852774691
2018,July,MS,Ackerman,0.04403463764627794
2018,August,MS,Ackerman,0.022344881657408725
2018,September,MS,Ackerman,0.02644174838362613
2018,October,MS,Ackerman,0.005383920772261248
2018,November,MS,Ackerman,0.024733859014187683
2018,December,MS,Ackerman,0.011857018109164782
2019,January,MS,Ackerman,0.022447117975249984
2019,February,MS,Ackerman,0.03436486641757306
2019,March,MS,Ackerman,0.031043165957847396
2019,April,MS,Ackerman,0.04276142069764123
2019,May,MS,Ackerman,0.04428652654144168
2019,June,MS,Ackerman,0.040078752663829036
2019,July,MS,Ackerman,0.045137209501070655
2019,August,MS,Ackerman,0.024978659112310495
2019,September,MS,Ackerman,0.022486392578814827
2019,October,MS,Ackerman,0.007179116788794936
2019,November,MS,Ackerman,0.031789466921336405
2019,December,MS,Ackerman,0.008758469585711621
2020,January,MS,Ackerman,0.0237989536106825
2020,February,MS,Ackerman,0.01579051012657912
2020,March,MS,Ackerman,0.037539634243517736
2020,April,MS,Ackerman,0.027960181418241737
2020,May,MS,Ackerman,0.03086318254735477
2020,June,MS,Ackerman,0.036518572259973514
2020,July,MS,Ackerman,0.07472747400691049
2020,August,MS,Ackerman,0.03123603757478359
2020,September,MS,Ackerman,0.025627998618605513
2020,October,MS,Ackerman,0.010770444822205908
2020,November,MS,Ackerman,0.011931070423069972
2020,December,MS,Ackerman,0.018901899550730482
2021,January,MS,Ackerman,0.03456019817784241
2021,February,MS,Ackerman,0.03262565922293306
2021,March,MS,Ackerman,0.018333566286365746
2021,April,MS,Ackerman,0.0393267811097018
2021,May,MS,Ackerman,0.04723139887968678
2021,June,MS,Ackerman,0.026033795775958112
2021,July,MS,Ackerman,0.06309085887899285
2021,August,MS,Ackerman,0.025778348508246125
2021,September,MS,Ackerman,0.021861302011898214
2021,October,MS,Ackerman,0.01477466931729499
2021,November,MS,Ackerman,0.033044253361901775
2021,December,MS,Ackerman,0.016497649022661404
2022,January,MS,Ackerman,0.03325706980479525
2022,February,MS,Ackerman,0.04050668807235091
2022,March,MS,Ackerman,0.04049969475586482
2022,April,MS,Ackerman,0.050652461245382085
2022,May,MS,Ackerman,0.023732777430034706
2022,June,MS,Ackerman,0.04271924499230136
2022,July,MS,Ackerman,0.07521843997348313
2022,August,MS,Ackerman,0.03733463376125437
2022,September,MS,Ackerman,0.03099760066153744
2022,October,MS,Ackerman,0.007326559498283137
2022,November,MS,Ackerman,0.020426238184091776
2022,December,MS,Ackerman,0.017431290976547206
2023,January,MS,Ackerman,0.024915058978359255
2023,February,MS,Ackerman,0.024384147402185915
2023,March,MS,Ackerman,0.04188002716896831
2023,April,MS,Ackerman,0.03218615766997754
2023,May,MS,Ackerman,0.02189222924725808
2023,June,MS,Ackerman,0.04450664174554362
